Date,Open,High,Low,Close
04-Jan-10,5200.9,5238.45,5167.1,5232.2
05-Jan-10,5277.15,5288.35,5242.4,5277.9
06-Jan-10,5278.15,5310.85,5260.05,5281.8
07-Jan-10,5281.8,5302.55,5244.75,5263.1
08-Jan-10,5264.25,5276.75,5234.7,5244.7
11-Jan-10,5263.8,5287.2,5227.8,5249.4
12-Jan-10,5251.1,5300.5,5200.95,5210.4
13-Jan-10,5212.6,5239.2,5169.55,5233.9
14-Jan-10,5234.5,5272.85,5232.5,5259.9
15-Jan-10,5259.9,5279.85,5242.45,5252.2
18-Jan-10,5253.65,5292.5,5228.95,5274.8
19-Jan-10,5274.2,5287.8,5218.65,5225.6
20-Jan-10,5226.1,5256.7,5201.4,5221.7
21-Jan-10,5220.2,5220.35,5085.45,5094.1
22-Jan-10,5094.15,5094.15,4954.85,5036
25-Jan-10,5034.55,5035.7,4983.05,5007.9
27-Jan-10,5008.5,5008.5,4833.05,4853.1
28-Jan-10,4863,4929.9,4824.95,4867.2
29-Jan-10,4866.15,4893.7,4766,4882
01-Feb-10,4882.05,4918.8,4827.15,4899.7
02-Feb-10,4907.85,4951.15,4814.1,4830.1
03-Feb-10,4831,4949.15,4831,4931.8
04-Feb-10,4931.3,4931.3,4832.35,4845.3
05-Feb-10,4819.65,4827,4692.35,4718.6
06-Feb-10,4712.75,4768.15,4712.75,4757.2
08-Feb-10,4755.35,4799.05,4675.4,4760.4
09-Feb-10,4760.55,4810.4,4739.35,4792.6
10-Feb-10,4793,4826.85,4748.1,4757.2
11-Feb-10,4757.25,4843.8,4757.25,4826.8
15-Feb-10,4827.9,4845.6,4783.9,4801.9
16-Feb-10,4801.8,4880,4791.35,4855.7
17-Feb-10,4858.65,4929.7,4857.6,4914
18-Feb-10,4915.1,4922.05,4873.7,4887.7
19-Feb-10,4887.3,4887.3,4805.55,4844.9
22-Feb-10,4849.35,4912.05,4845.9,4856.4
23-Feb-10,4856.6,4884.1,4833.15,4870
24-Feb-10,4869.55,4880.55,4834.65,4858.6
25-Feb-10,4859,4880.15,4835.6,4859.7
26-Feb-10,4858.5,4992,4858.45,4922.3
02-Mar-10,4935.6,5029.45,4935.35,5017
03-Mar-10,5015.8,5093.25,5015.1,5088.1
04-Mar-10,5096.95,5096.95,5049,5080.2
05-Mar-10,5080.55,5118.65,5068.05,5088.7
08-Mar-10,5092.15,5147.1,5092.15,5124
09-Mar-10,5121.05,5131.8,5094.35,5101.5
10-Mar-10,5101.6,5137.4,5092.05,5116.2
11-Mar-10,5116.35,5152.6,5102.1,5133.4
12-Mar-10,5131.8,5158.1,5122.1,5137
15-Mar-10,5134.45,5151.05,5101.2,5128.9
16-Mar-10,5128.95,5209.25,5125.7,5198.1
17-Mar-10,5198.45,5260.5,5177.15,5231.9
18-Mar-10,5232.55,5255.65,5214.4,5245.9
19-Mar-10,5246.8,5269.95,5237.1,5262.8
22-Mar-10,5260.95,5260.95,5187.05,5205.2
23-Mar-10,5205.85,5243.6,5193.4,5225.3
25-Mar-10,5225.3,5267.3,5202.95,5260.4
26-Mar-10,5260.55,5293.75,5260.55,5282
29-Mar-10,5283.9,5329.55,5242.15,5302.8
30-Mar-10,5302.95,5325,5251.35,5262.4
31-Mar-10,5260.4,5293.9,5235.15,5249.1
01-Apr-10,5249.2,5298.6,5249.2,5290.5
05-Apr-10,5291.4,5377.55,5291.4,5368.4
06-Apr-10,5369.65,5388.65,5351.7,5366
07-Apr-10,5365.7,5399.65,5345.05,5374.6
08-Apr-10,5376.3,5383.65,5290.25,5304.4
09-Apr-10,5302.4,5377.45,5302.25,5361.7
12-Apr-10,5354.15,5382.15,5324.9,5339.7
13-Apr-10,5340.85,5356.5,5301.7,5322.9
15-Apr-10,5323.3,5373.15,5265.3,5273.6
16-Apr-10,5273.4,5283.05,5237.55,5262.6
19-Apr-10,5279.05,5279.05,5160.9,5203.6
20-Apr-10,5208.3,5257.25,5208.3,5230.1
21-Apr-10,5230.3,5266.3,5230.3,5244.9
22-Apr-10,5248.6,5331.8,5221.1,5269.3
23-Apr-10,5269.65,5311.05,5269.65,5304.1
26-Apr-10,5299.35,5342.35,5299.35,5322.4
27-Apr-10,5322.1,5330.55,5301.4,5308.3
28-Apr-10,5308.2,5308.25,5202.45,5215.4
29-Apr-10,5215.25,5264.75,5214.8,5254.1
30-Apr-10,5254.2,5294.8,5254.2,5278
03-May-10,5278.4,5278.7,5210.05,5222.7
04-May-10,5223.9,5250.15,5134.85,5148.5
05-May-10,5148.35,5148.35,5056.5,5124.9
06-May-10,5124.4,5124.9,5037.75,5090.8
07-May-10,5072.3,5085.65,4984.6,5018
10-May-10,5026.6,5203.3,5026.6,5193.6
11-May-10,5189.75,5206.7,5126.5,5136.1
12-May-10,5133.75,5172.85,5098.8,5156.6
13-May-10,5157.55,5212.7,5147.95,5178.9
14-May-10,5180.55,5192.75,5070.95,5093.5
17-May-10,5093.9,5094.55,4966.25,5059.9
18-May-10,5059.55,5105.2,5024.25,5066.2
19-May-10,5065.1,5065.1,4908.15,4919.6
20-May-10,4924.3,4980.25,4924.3,4947.6
21-May-10,4946.7,4946.7,4842.3,4931.1
24-May-10,4944.3,5029.55,4923.45,4943.9
25-May-10,4945.3,4946.6,4786.45,4806.7
26-May-10,4807.3,4925.45,4807.3,4917.4
27-May-10,4915.15,5016.6,4897.6,5003.1
28-May-10,5005.6,5077.25,5005.6,5066.5
31-May-10,5076.1,5097.6,5038.55,5086.3
01-Jun-10,5086.25,5086.95,4961.05,4970.2
02-Jun-10,4970.75,5031.2,4967.05,5019.8
03-Jun-10,5020.15,5125.7,5020.15,5110.5
04-Jun-10,5112.6,5147.9,5091.6,5135.5
07-Jun-10,5132.95,5132.95,5004.25,5034
08-Jun-10,5036.7,5071.35,4967.3,4987.1
09-Jun-10,4985.05,5050.6,4980.1,5000.3
10-Jun-10,4999.6,5085.2,4997.6,5078.6
11-Jun-10,5078.75,5139.05,5078.75,5119.3
14-Jun-10,5120.15,5201.25,5120.15,5197.7
15-Jun-10,5201.3,5231.45,5171.05,5222.3
16-Jun-10,5225.05,5255.65,5214.9,5233.3
17-Jun-10,5233.65,5285.55,5206.55,5274.8
18-Jun-10,5274.95,5302.3,5245.5,5262.6
21-Jun-10,5266.5,5366.75,5266.5,5353.3
22-Jun-10,5353.95,5354.35,5311.05,5316.5
23-Jun-10,5316.15,5333.3,5288.15,5323.1
24-Jun-10,5323.25,5348.3,5284.55,5320.6
25-Jun-10,5320.5,5320.5,5259.9,5269
28-Jun-10,5271.1,5339.45,5270.75,5333.5
29-Jun-10,5333.55,5334.15,5235.8,5256.1
30-Jun-10,5254.25,5320.35,5210,5312.5
01-Jul-10,5312.05,5312.55,5232.1,5251.4
02-Jul-10,5251.25,5277.25,5225.6,5237.1
05-Jul-10,5237,5252.75,5225.85,5235.9
06-Jul-10,5236.1,5297.45,5231.5,5289
07-Jul-10,5293.1,5296.75,5233.45,5241.1
08-Jul-10,5242,5320.5,5242,5296.8
09-Jul-10,5297.2,5359.05,5297.2,5352.4
12-Jul-10,5352.25,5402.7,5351.6,5383
13-Jul-10,5370.2,5406.2,5357.85,5400.6
14-Jul-10,5402,5453.45,5371.7,5386.1
15-Jul-10,5387.1,5399.2,5360.6,5378.7
16-Jul-10,5376.65,5401.35,5374.4,5393.9
19-Jul-10,5392.7,5409.1,5361.5,5386.4
20-Jul-10,5387,5416.45,5353.6,5368
21-Jul-10,5368.85,5409.1,5368.85,5399.3
22-Jul-10,5399.15,5447.15,5372.2,5441.9
23-Jul-10,5441.9,5477.5,5435.15,5449.1
26-Jul-10,5446.55,5466.25,5409.2,5418.6
27-Jul-10,5420.2,5450.95,5407.2,5430.6
28-Jul-10,5436.1,5447.85,5386.25,5397.5
29-Jul-10,5397.85,5415.85,5381.55,5408.9
30-Jul-10,5408.4,5413.25,5349.2,5367.6
02-Aug-10,5369.55,5438.85,5351.3,5431.6
03-Aug-10,5432.5,5459.2,5426.4,5439.5
04-Aug-10,5441.35,5481.9,5428.4,5467.8
05-Aug-10,5470.15,5487.15,5443.1,5447.1
06-Aug-10,5448.25,5471.9,5431.35,5439.2
09-Aug-10,5439.8,5492.3,5433.25,5486.1
10-Aug-10,5486.8,5491.45,5445.35,5460.7
11-Aug-10,5460.7,5474.6,5412,5420.6
12-Aug-10,5418.7,5431.1,5372.45,5416.4
13-Aug-10,5420.65,5476.5,5415.5,5452.1
16-Aug-10,5452.1,5465.25,5397.4,5418.3
17-Aug-10,5422.15,5443.55,5408.8,5414.1
18-Aug-10,5416.25,5487.95,5416.25,5479.1
19-Aug-10,5478.25,5544.7,5478.1,5540.2
20-Aug-10,5540.8,5546.6,5513.35,5530.6
23-Aug-10,5531.15,5549.8,5519.4,5543.5
24-Aug-10,5541.1,5547.25,5488.45,5505.1
25-Aug-10,5505.3,5506.15,5452.55,5462.3
26-Aug-10,5462.1,5486.55,5454.7,5477.9
27-Aug-10,5489.6,5495.2,5391.95,5408.7
30-Aug-10,5408.9,5469,5390.35,5415.4
31-Aug-10,5413.55,5413.9,5348.9,5402.4
01-Sep-10,5403.05,5478.6,5403.05,5471.8
02-Sep-10,5471.9,5513.95,5471.85,5486.1
03-Sep-10,5486.3,5510.4,5473.65,5479.4
06-Sep-10,5479.55,5589.4,5479.55,5576.9
07-Sep-10,5575.9,5625.5,5571.65,5604
08-Sep-10,5604.25,5625.3,5567.75,5607.8
09-Sep-10,5608.3,5647.45,5608.1,5640
13-Sep-10,5639.2,5770.6,5639.2,5760
14-Sep-10,5760.3,5838.45,5760.3,5795.5
15-Sep-10,5795.25,5869.45,5792.2,5860.9
16-Sep-10,5861.1,5901.65,5815.8,5828.7
17-Sep-10,5828.7,5898.4,5828.7,5884.9
20-Sep-10,5885.05,5989.5,5885.05,5980.4
21-Sep-10,5980.5,6032.8,5961.85,6009
22-Sep-10,6008.4,6037.4,5946.45,5991
23-Sep-10,5991.05,6006.8,5932.4,5959.5
24-Sep-10,5959.45,6029.1,5951.2,6018.3
27-Sep-10,6018.3,6073.5,6018.3,6035.6
28-Sep-10,6036.05,6049.8,5991.3,6029.5
29-Sep-10,6029.15,6071.55,5979.65,5991.3
30-Sep-10,5991.35,6048.45,5963.6,6029.9
01-Oct-10,6030.3,6153.1,6030.3,6143.4
04-Oct-10,6144.7,6222.1,6144.7,6159.4
05-Oct-10,6159.45,6188.35,6118.05,6145.8
06-Oct-10,6150.95,6223.4,6148.6,6186.4
07-Oct-10,6186.85,6199.45,6107.5,6120.3
08-Oct-10,6121.4,6148.6,6067,6103.4
11-Oct-10,6105.95,6187.75,6105.95,6135.8
12-Oct-10,6135.95,6144.95,6057.95,6090.9
13-Oct-10,6091.45,6240.25,6089.75,6233.9
14-Oct-10,6234.3,6284.1,6157.9,6177.3
15-Oct-10,6175.9,6200.6,6050.35,6062.6
18-Oct-10,6112.75,6115.1,5985.1,6075.9
19-Oct-10,6114.45,6127.05,6008.15,6027.3
20-Oct-10,6002.95,6038.1,5966.75,5982.1
21-Oct-10,6008.9,6113.5,5984.9,6101.5
22-Oct-10,6113.4,6121.1,6041.35,6066
25-Oct-10,6101.25,6151.3,6094.6,6105.8
26-Oct-10,6116.3,6120.25,6074.65,6082
27-Oct-10,6075.45,6075.95,5987.55,6012.6
28-Oct-10,6039.95,6071.1,5968.1,5987.7
29-Oct-10,6021.15,6032.65,5937.1,6017.7
01-Nov-10,6092.3,6132.4,6084.75,6117.5
02-Nov-10,6127.55,6138.1,6094.4,6119
03-Nov-10,6150.6,6182.5,6146.8,6160.5
04-Nov-10,6209.6,6290.15,6199.35,6281.8
05-Nov-10,6321.85,6338.5,6303.1,6312.4
08-Nov-10,6335.25,6335.9,6265.35,6273.2
09-Nov-10,6281,6310.9,6243.55,6301.5
10-Nov-10,6303.2,6307.65,6269.25,6275.7
11-Nov-10,6286.35,6296.55,6179.5,6194.2
12-Nov-10,6182.3,6202.5,6056.75,6071.6
15-Nov-10,6079.9,6128.75,6039.4,6121.6
16-Nov-10,6143.45,6144.05,5970.6,5988.7
18-Nov-10,6075.95,6076.2,5906.75,5998.8
19-Nov-10,6011.3,6013.25,5863.95,5890.3
22-Nov-10,5920.9,6020.25,5905.15,6010
23-Nov-10,5971.55,5973.35,5824.95,5934.7
24-Nov-10,5946.8,5976.65,5833.6,5865.7
25-Nov-10,5883.95,5907.1,5780.35,5799.7
26-Nov-10,5828.55,5838.5,5690.35,5751.9
29-Nov-10,5789.95,5843.15,5754.7,5830
30-Nov-10,5811.6,5892.25,5768.35,5862.7
01-Dec-10,5871,5971,5865.55,5960.9
02-Dec-10,6023.05,6029.5,5980.6,6011.7
03-Dec-10,6013.35,6025.4,5964.25,5992.8
06-Dec-10,6033.65,6069.45,5981.7,5992.2
07-Dec-10,5995.05,6001,5939.7,5976.5
08-Dec-10,5954.4,5960,5878.6,5903.7
09-Dec-10,5924.25,5927.3,5742.3,5766.5
10-Dec-10,5761,5865.5,5721.15,5857.3
13-Dec-10,5882.65,5913.8,5795.9,5907.6
14-Dec-10,5928.7,5953.95,5888.75,5944.1
15-Dec-10,5931.15,5942.75,5865.8,5892.3
16-Dec-10,5910.55,5956.15,5855.05,5948.7
20-Dec-10,5926.85,5985,5900.25,5947
21-Dec-10,5960.4,6007.45,5960.05,6000.6
22-Dec-10,6019,6023.8,5958,5984.4
23-Dec-10,6005.9,6006.45,5964.6,5980
24-Dec-10,5940.25,6017.35,5940.25,6011.6
27-Dec-10,6013.3,6045.75,5991.1,5998.1
28-Dec-10,6005.35,6010.9,5982.25,5996
29-Dec-10,6005.15,6067.55,6002.85,6060.3
30-Dec-10,6062.35,6106.4,6062.35,6101.8
31-Dec-10,6105.1,6147.3,6103.55,6134.5
03-Jan-11,6177.45,6178.55,6147.2,6157.6
04-Jan-11,6172.75,6181.05,6124.4,6146.3
05-Jan-11,6141.35,6141.35,6062.35,6079.8
06-Jan-11,6107,6116.15,6022.3,6048.2
07-Jan-11,6030.9,6051.2,5883.6,5904.6
10-Jan-11,5901.3,5907.25,5740.95,5762.8
11-Jan-11,5767.95,5842.6,5698.2,5754.1
12-Jan-11,5800.05,5874.2,5711.3,5863.2
13-Jan-11,5850.75,5857.75,5736.7,5751.9
14-Jan-11,5752.1,5833.65,5639.65,5654.5
17-Jan-11,5648.8,5696.15,5624.15,5654.7
18-Jan-11,5682.55,5730.5,5671.25,5724
19-Jan-11,5737.35,5747.65,5662.55,5691
20-Jan-11,5656,5729.45,5634.5,5711.6
21-Jan-11,5692.05,5717.55,5674.5,5696.5
24-Jan-11,5717.1,5756,5697.75,5743.2
25-Jan-11,5763.3,5801.55,5680.65,5687.4
27-Jan-11,5725.3,5726.1,5594.95,5604.3
28-Jan-11,5614,5614.4,5459.55,5512.1
31-Jan-11,5452.55,5526.85,5416.65,5505.9
01-Feb-11,5537.3,5539.15,5402,5417.2
02-Feb-11,5469.55,5490.6,5415.65,5432
03-Feb-11,5430.45,5532.65,5418,5526.7
04-Feb-11,5519.9,5556.3,5369.05,5395.7
07-Feb-11,5430.15,5440.35,5376.95,5396
08-Feb-11,5432.35,5432.35,5303.4,5312.5
09-Feb-11,5293.05,5339.45,5225.65,5253.5
10-Feb-11,5246.05,5272.6,5196.8,5225.8
11-Feb-11,5219.65,5319.45,5177.7,5310
14-Feb-11,5340.25,5463.8,5340.25,5456
15-Feb-11,5467.75,5506.5,5408.35,5481
16-Feb-11,5467.6,5504.8,5460.35,5481.7
17-Feb-11,5501.7,5553,5463.4,5546.4
18-Feb-11,5557.55,5599.25,5441.95,5458.9
21-Feb-11,5456.6,5526.25,5413.1,5518.6
22-Feb-11,5504.4,5519.45,5437.3,5469.2
23-Feb-11,5452.45,5495.2,5427.55,5437.3
24-Feb-11,5408.75,5423.4,5242.5,5262.7
25-Feb-11,5321.05,5338.2,5232.75,5303.5
28-Feb-11,5330.15,5477,5308.6,5333.2
01-Mar-11,5382,5533.05,5373.55,5522.3
03-Mar-11,5478.45,5570.75,5468.25,5536.2
04-Mar-11,5586.2,5608.2,5524.1,5538.7
07-Mar-11,5490.05,5491.25,5408.45,5463.1
08-Mar-11,5466.1,5530.55,5464.75,5520.8
09-Mar-11,5542.4,5563.3,5477.45,5531
10-Mar-11,5516.1,5516.3,5468.45,5494.4
11-Mar-11,5456.15,5502.7,5411.55,5445.4
14-Mar-11,5436.5,5537.3,5434.25,5531.5
15-Mar-11,5420,5497.85,5373.65,5449.6
16-Mar-11,5475.95,5535.1,5475.95,5511.1
17-Mar-11,5455.4,5510.05,5435.3,5446.6
18-Mar-11,5475.35,5483.05,5366.4,5373.7
21-Mar-11,5408.75,5413.3,5348.2,5364.7
22-Mar-11,5390.85,5428.15,5376.15,5413.8
23-Mar-11,5411.4,5484.95,5401.95,5480.2
24-Mar-11,5501.8,5529,5496.1,5522.4
25-Mar-11,5588.65,5667.1,5560.95,5654.2
28-Mar-11,5645.25,5709.1,5643.2,5687.2
29-Mar-11,5686.5,5770.35,5680.7,5736.3
30-Mar-11,5755.8,5803.15,5753.9,5787.6
31-Mar-11,5803.05,5872,5778.65,5833.7
01-Apr-11,5835,5860.2,5810.4,5826
04-Apr-11,5842,5918.7,5833.2,5908.4
05-Apr-11,5923.85,5928.65,5855.85,5910
06-Apr-11,5908,5944.45,5868.8,5891.7
07-Apr-11,5888.55,5906.1,5866.25,5885.7
08-Apr-11,5886.75,5926.95,5822,5842
11-Apr-11,5805.35,5830.3,5777.9,5785.7
13-Apr-11,5747.95,5923.6,5735.55,5911.5
15-Apr-11,5898.75,5907.35,5806.45,5824.5
18-Apr-11,5824.35,5897.9,5722.25,5729.1
19-Apr-11,5716,5762.95,5693.25,5740.7
20-Apr-11,5786.05,5857.35,5759.65,5851.6
21-Apr-11,5882.85,5912.9,5864.35,5884.7
25-Apr-11,5859.6,5906.6,5857,5874.5
26-Apr-11,5876.85,5893.2,5791.55,5868.4
27-Apr-11,5884.2,5892.35,5819.95,5833.9
28-Apr-11,5851.35,5856.4,5776.95,5785.4
29-Apr-11,5782.5,5804.3,5706.05,5749.5
02-May-11,5766.9,5775.25,5687.7,5701.3
03-May-11,5689.7,5710.8,5554.85,5565.2
04-May-11,5567.7,5578.8,5503,5537.1
05-May-11,5531.6,5560.3,5443.65,5459.8
06-May-11,5477.65,5564.4,5472.45,5551.4
09-May-11,5575.2,5586.05,5502.4,5551.1
10-May-11,5555.55,5592.9,5514.55,5541.2
11-May-11,5547.2,5574.7,5525,5565
12-May-11,5537.8,5572.5,5476.3,5486.1
13-May-11,5492.35,5605,5472.15,5544.7
16-May-11,5541.7,5541.8,5487.65,5499
17-May-11,5496.1,5523.85,5421.05,5438.9
18-May-11,5448.2,5460.5,5401.25,5420.6
19-May-11,5448.15,5452.6,5411.25,5428.1
20-May-11,5450.65,5517.55,5432.75,5486.3
23-May-11,5456.7,5456.7,5373,5386.5
24-May-11,5385.1,5422.6,5367.45,5394.8
25-May-11,5389.1,5389.1,5328.7,5348.9
26-May-11,5372.75,5422.2,5356.35,5412.3
27-May-11,5413.7,5485.8,5413.6,5476.1
30-May-11,5493.75,5509.3,5458.6,5473.1
31-May-11,5492,5571.6,5489.7,5560.1
01-Jun-11,5561.05,5597.35,5559.45,5592
02-Jun-11,5529.9,5568.2,5521.95,5550.3
03-Jun-11,5565.7,5604.95,5507.2,5516.7
06-Jun-11,5504.3,5542.65,5479.85,5532
07-Jun-11,5509.15,5570.1,5507.8,5556.1
08-Jun-11,5535.25,5556.6,5514.9,5526.8
09-Jun-11,5523.55,5540.1,5502.05,5521
10-Jun-11,5518.05,5521.45,5457.45,5485.8
13-Jun-11,5469.85,5496.7,5436.95,5482.8
14-Jun-11,5485.6,5520.15,5484.2,5500.5
15-Jun-11,5494.45,5499.35,5438.95,5447.5
16-Jun-11,5419.65,5447.5,5389.8,5396.7
17-Jun-11,5412.5,5421.15,5355.85,5366.4
20-Jun-11,5372.2,5377.4,5195.9,5257.9
21-Jun-11,5280.8,5322.45,5257,5275.8
22-Jun-11,5304.65,5310.5,5262.5,5278.3
23-Jun-11,5269.1,5330.6,5252.25,5320
24-Jun-11,5343.4,5477.85,5343.4,5471.2
27-Jun-11,5441.2,5552.65,5434.25,5526.6
28-Jun-11,5548.85,5558.3,5496.35,5545.3
29-Jun-11,5566.5,5608.65,5566.5,5600.4
30-Jun-11,5614.5,5657.9,5606.1,5647.4
01-Jul-11,5705.75,5705.8,5609.75,5627.2
04-Jul-11,5679.55,5679.65,5633.1,5650.5
05-Jul-11,5659.85,5659.85,5612.3,5632.1
06-Jul-11,5622.7,5655.4,5610.75,5625.4
07-Jul-11,5633.35,5737.15,5632.95,5728.9
08-Jul-11,5734.65,5740.4,5651.05,5660.6
11-Jul-11,5648.05,5652.9,5601.7,5616.1
12-Jul-11,5556.9,5580.25,5496.95,5526.1
13-Jul-11,5542.05,5596.15,5541.4,5585.4
14-Jul-11,5569,5653.95,5541.7,5599.8
15-Jul-11,5602.95,5631.7,5562.75,5581.1
18-Jul-11,5581.75,5596.6,5550.95,5567
19-Jul-11,5569.85,5627.65,5557.2,5613.5
20-Jul-11,5642.05,5645.4,5555.1,5567
21-Jul-11,5554.6,5578.9,5532.7,5541.6
22-Jul-11,5576.95,5642.2,5567.1,5633.9
25-Jul-11,5633.8,5700.55,5616.7,5680.3
26-Jul-11,5688.45,5702.25,5560.15,5574.8
27-Jul-11,5588.55,5591.7,5521.5,5546.8
28-Jul-11,5492.4,5512.1,5475.65,5487.7
29-Jul-11,5479,5520.3,5453.95,5482
01-Aug-11,5527.5,5551.9,5486.45,5516.8
02-Aug-11,5493.2,5496.3,5433.65,5456.5
03-Aug-11,5402,5422.6,5378.85,5404.8
04-Aug-11,5412.4,5434.5,5323.15,5331.8
05-Aug-11,5204.35,5229.65,5116.45,5211.2
08-Aug-11,5083.85,5204.2,5054.05,5118.5
09-Aug-11,4947.9,5167,4946.45,5072.8
10-Aug-11,5196.55,5197.95,5123.35,5161
11-Aug-11,5128,5184.95,5121,5138.3
12-Aug-11,5194.4,5194.45,5053.35,5072.9
16-Aug-11,5125.75,5132.2,5015.4,5035.8
17-Aug-11,5030.3,5112.15,5017.25,5056.6
18-Aug-11,5077.95,5078.6,4932.15,4944.1
19-Aug-11,4859.3,4893.6,4796.1,4845.6
22-Aug-11,4843.7,4910.05,4808.75,4898.8
23-Aug-11,4925.15,4965.8,4863.8,4948.9
24-Aug-11,4934.35,4962.4,4875.3,4888.9
25-Aug-11,4914.65,4915.85,4825.05,4839.6
26-Aug-11,4839.25,4872,4720,4747.8
29-Aug-11,4806.2,4934.4,4806.05,4919.6
30-Aug-11,4973.25,5016.25,4927.55,5001
02-Sep-11,5109.8,5113.7,4993.35,5040
05-Sep-11,4998.9,5030.3,4964.45,5017.2
06-Sep-11,4993.35,5072.9,4942.9,5064.3
07-Sep-11,5080.15,5154.5,5076.3,5124.6
08-Sep-11,5139.2,5169.25,5098.25,5153.2
09-Sep-11,5161.3,5163.75,5046.8,5059.4
12-Sep-11,4981.7,4985.6,4911.25,4946.8
13-Sep-11,4977.8,5030.15,4911.05,4940.9
14-Sep-11,4965.05,5026.15,4917.4,5012.5
15-Sep-11,5062.35,5091.45,4967.45,5075.7
16-Sep-11,5123.35,5143.6,5068.1,5084.2
19-Sep-11,5068.4,5068.4,5019.25,5031.9
20-Sep-11,5042.55,5149.9,5035.25,5140.2
21-Sep-11,5153.75,5168.4,5109.85,5133.2
22-Sep-11,5054.45,5059.85,4907.75,4923.6
23-Sep-11,4873.75,4930.25,4829.6,4867.7
26-Sep-11,4878.6,4879.8,4758.85,4835.4
27-Sep-11,4905.15,4982.95,4905.15,4971.2
28-Sep-11,5005.5,5006.05,4918.45,4945.9
29-Sep-11,4924.2,5034.25,4906,5015.4
30-Sep-11,4990.15,5025.55,4924.3,4943.2
03-Oct-11,4874.4,4879.15,4823.9,4849.5
04-Oct-11,4823.5,4869.75,4728.3,4772.1
05-Oct-11,4791.3,4827.8,4741,4751.3
07-Oct-11,4883.65,4922.6,4861.2,4888
10-Oct-11,4886.85,4991.15,4882.05,4979.6
11-Oct-11,5019.9,5045.1,4964,4974.3
12-Oct-11,5011.2,5109.8,4997.65,5099.4
13-Oct-11,5130.8,5136.95,5067.65,5077.8
14-Oct-11,5057.35,5141.4,5056.6,5132.3
17-Oct-11,5156.2,5160.2,5084.5,5118.2
18-Oct-11,5049.45,5057.5,5011.05,5037.5
19-Oct-11,5080.45,5148.05,5075.3,5139.1
20-Oct-11,5086.55,5099,5033.95,5091.9
21-Oct-11,5106.6,5120.75,5037.95,5049.9
24-Oct-11,5114.7,5145.65,5084.75,5098.3
25-Oct-11,5137.9,5211,5085.55,5191.6
26-Oct-11,5214.95,5219.25,5196.15,5201.8
28-Oct-11,5341.9,5399.7,5322.8,5360.7
31-Oct-11,5358.9,5360.25,5314.6,5326.6
01-Nov-11,5278.6,5310.85,5238.3,5257.9
02-Nov-11,5216.75,5300.1,5204.95,5258.4
03-Nov-11,5241.55,5281.6,5201.85,5265.7
04-Nov-11,5325.4,5326.45,5256.8,5284.2
08-Nov-11,5292.25,5304.25,5252,5289.3
09-Nov-11,5309.7,5317.5,5211.75,5221
11-Nov-11,5159.75,5198.6,5142.25,5168.8
14-Nov-11,5217.35,5228.9,5140.55,5148.3
15-Nov-11,5131.2,5158.75,5052.85,5068.5
16-Nov-11,5059.1,5065.2,4989.5,5030.4
17-Nov-11,5027.1,5036.8,4919.45,4934.7
18-Nov-11,4899.15,4915.9,4837.95,4905.8
21-Nov-11,4873.8,4873.8,4764.8,4778.3
22-Nov-11,4794.85,4854,4782.55,4812.3
23-Nov-11,4779.5,4779.5,4640.95,4706.4
24-Nov-11,4707.55,4771.1,4639.1,4756.4
25-Nov-11,4731.3,4767.3,4693.1,4710
28-Nov-11,4769.3,4859.1,4766.4,4851.3
29-Nov-11,4864.2,4866.1,4787.1,4805.1
30-Nov-11,4766.15,4851.55,4754.8,4832
01-Dec-11,4970.85,5011.9,4916.7,4936.8
02-Dec-11,4940.85,5062.55,4918.4,5050.1
05-Dec-11,5036.5,5055.4,5002.55,5039.1
07-Dec-11,5050.1,5099.25,5032.25,5062.6
08-Dec-11,5037.4,5049.05,4921.45,4943.6
09-Dec-11,4870.75,4918.35,4841.75,4866.7
12-Dec-11,4906.85,4910.25,4755.55,4764.6
13-Dec-11,4733.6,4824.7,4728.5,4800.6
14-Dec-11,4788.7,4839.55,4750.4,4763.2
15-Dec-11,4712.8,4768.65,4673.85,4746.3
16-Dec-11,4752.5,4818.85,4628.2,4651.6
19-Dec-11,4623.15,4623.15,4555.9,4613.1
20-Dec-11,4635.8,4637.25,4531.15,4544.2
21-Dec-11,4636.45,4707.35,4601.95,4693.1
22-Dec-11,4636.9,4740.6,4632.95,4733.8
23-Dec-11,4763.2,4763.45,4693.2,4714
26-Dec-11,4718.15,4787.25,4718.15,4779
27-Dec-11,4780.2,4800.5,4723.65,4750.5
28-Dec-11,4756.2,4756.2,4685.65,4705.8
29-Dec-11,4681.15,4701.8,4639.05,4646.2
30-Dec-11,4659.95,4690.45,4608.9,4624.3
02-Jan-12,4640.2,4645.95,4588.05,4636.7
03-Jan-12,4675.8,4773.1,4675.8,4765.3
04-Jan-12,4774.95,4782.85,4728.85,4749.6
05-Jan-12,4749,4779.8,4730.15,4749.9
06-Jan-12,4724.15,4794.9,4686.85,4754.1
07-Jan-12,4755.6,4759.4,4743.05,4746.9
09-Jan-12,4747.55,4758.7,4695.45,4742.8
10-Jan-12,4771.85,4855.9,4768.25,4849.5
11-Jan-12,4863.15,4877.2,4841.6,4860.9
12-Jan-12,4840.95,4869.2,4803.9,4831.2
13-Jan-12,4861.95,4898.85,4834.2,4866
16-Jan-12,4844,4880.8,4827.05,4873.9
17-Jan-12,4904.5,4975.55,4904,4967.3
18-Jan-12,4977.75,4980.65,4931.05,4955.8
19-Jan-12,4995,5023.8,4991.4,5018.4
20-Jan-12,5044.85,5064.15,5004.3,5048.6
23-Jan-12,5025.35,5059.55,5021.35,5046.2
24-Jan-12,5064.8,5141.05,5049.8,5127.3
25-Jan-12,5151.5,5174.15,5130.25,5158.3
27-Jan-12,5216.75,5217,5162.4,5204.7
30-Jan-12,5163.55,5166.15,5076.7,5087.3
31-Jan-12,5125.25,5215.4,5120.15,5199.2
01-Feb-12,5198.15,5244.6,5159,5235.7
02-Feb-12,5272.1,5289.95,5225.75,5269.9
03-Feb-12,5276.1,5334.85,5255.55,5325.8
06-Feb-12,5379.45,5390.05,5327.25,5361.6
07-Feb-12,5412.95,5413.35,5322.95,5335.1
08-Feb-12,5343.8,5396.9,5325.2,5368.1
09-Feb-12,5343.05,5423.4,5338.9,5412.3
10-Feb-12,5399.8,5427.75,5341.05,5381.6
13-Feb-12,5382.1,5421.05,5351.4,5390.2
14-Feb-12,5380.8,5428.05,5377.95,5416
15-Feb-12,5460.6,5542.1,5460.6,5531.9
16-Feb-12,5513.75,5531.4,5483.75,5521.9
17-Feb-12,5574.2,5606.7,5545.2,5564.3
21-Feb-12,5561.9,5621.5,5561.75,5607.1
22-Feb-12,5609.75,5629.95,5491.35,5505.3
23-Feb-12,5490.05,5537.4,5460.8,5483.3
24-Feb-12,5479.15,5521.4,5405.9,5429.3
27-Feb-12,5448.1,5449.8,5268.15,5281.2
28-Feb-12,5310.5,5391.1,5306.45,5375.5
29-Feb-12,5424.95,5458.8,5352.25,5385.2
01-Mar-12,5366,5372.45,5297.5,5339.7
02-Mar-12,5369.45,5392.55,5315.05,5359.3
03-Mar-12,5360.05,5369.6,5353.4,5359.4
05-Mar-12,5342.55,5344.5,5265.7,5280.3
06-Mar-12,5266,5382.05,5206.4,5222.4
07-Mar-12,5207.05,5243.85,5171.45,5220.4
09-Mar-12,5294.1,5342.3,5291.6,5333.5
12-Mar-12,5420.1,5421.9,5327.3,5359.5
13-Mar-12,5391.05,5438.65,5390.8,5429.5
14-Mar-12,5490.55,5499.4,5437.8,5463.9
15-Mar-12,5462.5,5462.5,5362.3,5380.5
16-Mar-12,5380.35,5445.65,5305,5317.9
19-Mar-12,5337.35,5340.7,5238.55,5257
20-Mar-12,5257.15,5297.35,5233.25,5274.8
21-Mar-12,5267.2,5372.35,5256,5364.9
22-Mar-12,5361.1,5385.95,5205.65,5228.4
23-Mar-12,5255.65,5312,5220,5278.2
26-Mar-12,5274.35,5274.95,5174.9,5184.2
27-Mar-12,5242.95,5277.95,5184.65,5243.1
28-Mar-12,5231.7,5236.55,5169.6,5194.7
29-Mar-12,5145.95,5194.3,5135.95,5178.8
30-Mar-12,5206.6,5307.1,5203.65,5295.5
02-Apr-12,5296.35,5331.55,5278.8,5317.9
03-Apr-12,5353.2,5378.75,5344.45,5358.5
04-Apr-12,5328.65,5338.4,5305.3,5322.9
09-Apr-12,5282.5,5287.9,5228,5234.4
10-Apr-12,5254.1,5255.8,5211.85,5243.6
11-Apr-12,5209.45,5263.65,5190.8,5226.8
12-Apr-12,5246.75,5290.6,5246.75,5276.8
13-Apr-12,5255.7,5306.75,5185.4,5207.4
16-Apr-12,5190.6,5233.5,5183.5,5226.2
17-Apr-12,5266.6,5298.2,5208.35,5289.7
18-Apr-12,5320.7,5342,5293.45,5300
19-Apr-12,5320.6,5342.45,5291.3,5332.4
20-Apr-12,5313.95,5336.15,5245.45,5290.8
23-Apr-12,5277.4,5310.55,5187.15,5200.6
24-Apr-12,5215.9,5232.35,5180.35,5222.6
25-Apr-12,5222.2,5236.1,5160.65,5202
26-Apr-12,5214.75,5215.6,5179.05,5189
27-Apr-12,5189,5223.05,5154.3,5190.6
28-Apr-12,5209.6,5216.4,5196.35,5209
30-Apr-12,5201.45,5262.15,5201.45,5248.1
02-May-12,5254.3,5279.6,5226.45,5239.1
03-May-12,5211.2,5217.3,5180.65,5188.4
04-May-12,5166.65,5177.2,5070.6,5086.8
07-May-12,5017.8,5124.75,4988,5114.1
08-May-12,5114.7,5119.95,4983.6,4999.9
09-May-12,4967.9,5016.25,4956.45,4974.8
10-May-12,4984.15,5039.3,4950.3,4965.7
11-May-12,4938.85,4976.25,4906.15,4928.9
14-May-12,4934.35,4957.2,4874.5,4907.8
15-May-12,4869.85,4955.2,4868.55,4942.8
16-May-12,4875.3,4882.25,4837.05,4858.2
17-May-12,4878.6,4922.25,4850.2,4870.2
18-May-12,4796.4,4908.5,4788.95,4891.4
21-May-12,4888.5,4937.5,4888.5,4906
22-May-12,4954.7,4956.35,4849.9,4860.5
23-May-12,4843,4853.75,4803.95,4835.6
24-May-12,4863.4,4931.9,4830.15,4921.4
25-May-12,4905.95,4935.8,4889.35,4920.4
28-May-12,4931.7,4994.95,4931.3,4985.6
29-May-12,5005.35,5020.15,4982.15,4990.1
30-May-12,4964.25,4982.25,4944.9,4950.7
31-May-12,4896.1,4949.25,4883.55,4924.2
01-Jun-12,4910.85,4925,4831.75,4841.6
04-Jun-12,4797.3,4858.3,4770.35,4848.1
05-Jun-12,4869.45,4898.95,4847.7,4863.3
06-Jun-12,4886.65,5010.45,4886.15,4997.1
07-Jun-12,5035.35,5059.65,5007.75,5049.6
08-Jun-12,5044.25,5084.45,4994.8,5068.3
11-Jun-12,5096.7,5124.45,5040.7,5054.1
12-Jun-12,5015.5,5128.9,5015.15,5115.9
13-Jun-12,5117.55,5144.9,5095.45,5121.4
14-Jun-12,5105.1,5130,5047.6,5054.7
15-Jun-12,5069.55,5146.2,5069.15,5139
18-Jun-12,5174,5190.2,5041.7,5064.2
19-Jun-12,5050.8,5113.6,5048.1,5103.8
20-Jun-12,5114.55,5141.7,5100.7,5120.5
21-Jun-12,5097.35,5170.4,5093.45,5165
22-Jun-12,5101.75,5159.8,5094,5146
25-Jun-12,5158.5,5194.6,5105.65,5114.6
26-Jun-12,5107.45,5134.55,5095.5,5120.8
27-Jun-12,5149.45,5160.1,5129.25,5141.9
28-Jun-12,5148.95,5159.05,5125.3,5149.1
29-Jun-12,5191.25,5286.25,5189,5278.9
02-Jul-12,5283.85,5302.15,5263.35,5278.6
03-Jul-12,5298.85,5317,5265.95,5287.9
04-Jul-12,5310.4,5317.65,5273.3,5302.5
05-Jul-12,5297.05,5333.65,5288.85,5327.3
06-Jul-12,5324.7,5327.2,5287.75,5316.9
09-Jul-12,5283.7,5300.6,5257.75,5275.1
10-Jul-12,5286.6,5348.55,5284.55,5345.3
11-Jul-12,5315.25,5336.45,5300.25,5306.3
12-Jul-12,5240,5261.75,5217.7,5235.2
13-Jul-12,5242.75,5267.15,5216.85,5227.2
16-Jul-12,5232.35,5246.85,5190.45,5197.2
17-Jul-12,5228.05,5236.7,5181.7,5192.8
18-Jul-12,5199.1,5222.85,5169.05,5216.3
19-Jul-12,5249.85,5257.75,5233.15,5242.7
20-Jul-12,5233.55,5238.7,5197.5,5205.1
23-Jul-12,5163.25,5164.2,5108.1,5117.9
24-Jul-12,5128.8,5144,5103.25,5128.2
25-Jul-12,5118.4,5121.6,5076.6,5109.6
26-Jul-12,5126.3,5126.3,5032.4,5043
27-Jul-12,5124.3,5149.95,5077.5,5099.8
30-Jul-12,5129.75,5206.6,5129.75,5199.8
31-Jul-12,5214.85,5234.55,5154.05,5229
01-Aug-12,5220.7,5246.35,5212.65,5240.5
02-Aug-12,5233.1,5236.9,5209.95,5227.7
03-Aug-12,5195.6,5220.2,5164.65,5215.7
06-Aug-12,5260.85,5293.2,5260.85,5282.5
07-Aug-12,5295.4,5350.1,5281.65,5336.7
08-Aug-12,5345.25,5377.6,5331.05,5338
09-Aug-12,5348.3,5368.2,5312.1,5322.9
10-Aug-12,5308.2,5330.1,5294.1,5320.4
13-Aug-12,5316.35,5352.45,5309.05,5347.9
14-Aug-12,5343.25,5387.05,5328.8,5380.3
16-Aug-12,5385.95,5390.65,5356.65,5362.9
17-Aug-12,5368.6,5399.95,5341.7,5366.3
21-Aug-12,5368.7,5425.15,5368.7,5421
22-Aug-12,5395.75,5433.35,5394.8,5412.8
23-Aug-12,5426.15,5448.6,5393.85,5415.3
24-Aug-12,5392.6,5399.65,5371,5386.7
27-Aug-12,5387.85,5399.15,5346.65,5350.2
28-Aug-12,5348.05,5359.25,5312.6,5334.6
29-Aug-12,5343.85,5345.5,5282.7,5287.8
30-Aug-12,5268.6,5342.8,5255.05,5315
31-Aug-12,5298.2,5303.25,5238.9,5258.5
03-Sep-12,5276.5,5295.8,5243.15,5253.7
04-Sep-12,5249.15,5278.35,5233.2,5274
05-Sep-12,5243.9,5259.5,5215.7,5225.7
06-Sep-12,5217.65,5260.6,5217.65,5238.4
07-Sep-12,5309.45,5347.15,5309.2,5342.1
08-Sep-12,5343.65,5366.3,5343.45,5358.7
10-Sep-12,5361.9,5375.45,5349.1,5363.4
11-Sep-12,5336.1,5393.35,5332.1,5390
12-Sep-12,5404.45,5435.55,5393.95,5431
13-Sep-12,5435.2,5447.45,5421.85,5435.3
14-Sep-12,5528.35,5586.65,5526.95,5577.6
17-Sep-12,5631.75,5652.2,5585.15,5610
18-Sep-12,5602.4,5620.55,5586.45,5600
20-Sep-12,5536.95,5581.35,5534.9,5554.2
21-Sep-12,5577,5720,5575.45,5691.1
24-Sep-12,5691.95,5709.85,5662.75,5669.6
25-Sep-12,5674.9,5702.7,5652.45,5673.9
26-Sep-12,5653.4,5672.8,5638.65,5663.4
27-Sep-12,5673.75,5693.7,5639.7,5649.5
28-Sep-12,5684.8,5735.15,5683.45,5703.3
01-Oct-12,5704.75,5722.95,5694,5718.8
03-Oct-12,5727.7,5743.25,5715.8,5731.2
04-Oct-12,5751.55,5807.25,5751.35,5787.6
05-Oct-12,5815,5815.35,4888.2,5746.9
08-Oct-12,5751.85,5751.85,5666.2,5676
09-Oct-12,5708.15,5728.65,5677.9,5704.6
10-Oct-12,5671.15,5686.5,5647.05,5652.1
11-Oct-12,5663.5,5721.1,5636.95,5708
12-Oct-12,5681.7,5725,5659.35,5676
15-Oct-12,5674.25,5693.7,5651.05,5687.2
16-Oct-12,5705.6,5714,5635.6,5648
17-Oct-12,5681.1,5684.35,5633.9,5660.2
18-Oct-12,5675.3,5722.5,5650.55,5718.7
19-Oct-12,5703.3,5711.7,5660,5684.2
22-Oct-12,5667.6,5721.55,5658.05,5717.1
23-Oct-12,5715.65,5720.8,5681.45,5691.4
25-Oct-12,5688.8,5718.75,5685.7,5705.3
26-Oct-12,5683.55,5697.2,5641.75,5664.3
29-Oct-12,5665.2,5698.3,5645.1,5665.6
30-Oct-12,5656.35,5689.9,5589.9,5597.9
31-Oct-12,5596.75,5624.4,5583.05,5619.7
01-Nov-12,5609.85,5649.75,5601.95,5645
02-Nov-12,5696.35,5711.3,5682.55,5697.7
05-Nov-12,5693.05,5709.2,5679.5,5704.2
06-Nov-12,5694.1,5730.8,5693.65,5724.4
07-Nov-12,5718.6,5777.3,5711.4,5760.1
08-Nov-12,5709,5744.5,5693.95,5738.7
09-Nov-12,5731.1,5751.7,5677.75,5686.2
12-Nov-12,5688.45,5718.9,5665.75,5683.7
13-Nov-12,5689.7,5698.25,5660.35,5666.9
15-Nov-12,5650.35,5651.65,5603.55,5631
16-Nov-12,5624.8,5650.15,5559.8,5574
19-Nov-12,5577.3,5592.75,5549.25,5571.4
20-Nov-12,5604.8,5613.7,5548.35,5571.5
21-Nov-12,5582.5,5620.2,5561.4,5614.8
22-Nov-12,5628.6,5643.35,5608,5627.7
23-Nov-12,5635.45,5637.75,5593.55,5626.6
26-Nov-12,5648.65,5649.2,5623.45,5635.9
27-Nov-12,5658.5,5733.2,5658,5727.4
29-Nov-12,5736.7,5833.5,5736.1,5825
30-Nov-12,5836,5885.25,5827.85,5879.8
03-Dec-12,5878.25,5899.15,5854.6,5870.9
04-Dec-12,5866.8,5894.95,5859,5889.2
05-Dec-12,5906.6,5917.8,5891.35,5900.5
06-Dec-12,5926.3,5942.55,5838.9,5930.9
07-Dec-12,5934,5949.85,5888.65,5907.4
10-Dec-12,5916.05,5919.95,5888.1,5908.9
11-Dec-12,5923.8,5965.15,5865.45,5898.8
12-Dec-12,5917.8,5924.6,5874.25,5888
13-Dec-12,5900.35,5907.45,5841.35,5851.5
14-Dec-12,5846.9,5886.1,5839.15,5879.6
17-Dec-12,5860.5,5886.05,5850.15,5857.9
18-Dec-12,5873.6,5905.8,5823.15,5896.8
19-Dec-12,5917.3,5939.4,5910.8,5929.6
20-Dec-12,5934.45,5937.6,5881.45,5916.4
21-Dec-12,5888,5888,5841.65,5847.7
24-Dec-12,5869,5871.9,5844.7,5855.7
26-Dec-12,5864.95,5917.3,5859.55,5905.6
27-Dec-12,5930.2,5930.8,5864.7,5870.1
28-Dec-12,5887.15,5915.75,5879.5,5908.3
31-Dec-12,5901.2,5919,5897.15,5905.1
01-Jan-13,5937.65,5963.9,5935.2,5950.8
02-Jan-13,5982.6,6006.05,5982,5993.2
03-Jan-13,6015.8,6017,5986.55,6009.5
04-Jan-13,6011.95,6020.75,5981.55,6016.1
07-Jan-13,6042.15,6042.15,5977.15,5988.4
08-Jan-13,5983.45,6007.05,5964.4,6001.7
09-Jan-13,6006.2,6020.1,5958.45,5971.5
10-Jan-13,5998.8,6005.15,5947.3,5968.6
11-Jan-13,6012.4,6018.85,5940.6,5951.3
14-Jan-13,5967.2,6036.9,5962.15,6024
15-Jan-13,6037.85,6068.5,6018.6,6056.6
16-Jan-13,6049,6055.95,5992.05,6001.8
17-Jan-13,6001.25,6053.2,5988.1,6039.2
18-Jan-13,6059.85,6083.4,6048.3,6064.4
21-Jan-13,6085.75,6094.35,6065.1,6082.3
22-Jan-13,6080.15,6101.3,6040.5,6048.5
23-Jan-13,6052.85,6069.8,6021.15,6054.3
24-Jan-13,6046.2,6065.3,6007.85,6019.3
25-Jan-13,6024.5,6080.55,6014.45,6074.6
28-Jan-13,6082.1,6088.4,6061.4,6074.8
29-Jan-13,6064.7,6111.8,6042.45,6049.9
30-Jan-13,6065,6071.95,6044.15,6055.7
31-Jan-13,6045.65,6058.05,6025.15,6034.7
01-Feb-13,6040.95,6052.95,5983.2,5998.9
04-Feb-13,6025.2,6038.5,5981.25,5987.2
05-Feb-13,5948.2,5970.35,5946.9,5956.9
06-Feb-13,5988.05,5990.9,5953.15,5959.2
07-Feb-13,5936.45,5978.5,5927.6,5938.8
08-Feb-13,5929.1,5953.7,5883.65,5903.5
11-Feb-13,5920.05,5924.15,5879.1,5897.8
12-Feb-13,5894.35,5927.65,5886.45,5922.5
13-Feb-13,5943.15,5969.5,5922.95,5932.9
14-Feb-13,5933.2,5940.2,5884.55,5896.9
15-Feb-13,5869.95,5899.95,5853.9,5887.4
18-Feb-13,5888.65,5911,5878.45,5898.2
19-Feb-13,5900.2,5947.55,5883.15,5939.7
20-Feb-13,5966.3,5971,5937.55,5943
21-Feb-13,5909.65,5921.15,5844.4,5852.2
22-Feb-13,5837.95,5873.8,5835.8,5850.3
25-Feb-13,5870.55,5878.4,5825,5854.7
26-Feb-13,5838.3,5838.85,5748.6,5761.3
27-Feb-13,5784.9,5818.2,5749.7,5796.9
28-Feb-13,5834.35,5849.9,5671.9,5693
01-Mar-13,5702.45,5739.45,5679.9,5719.7
04-Mar-13,5704.7,5712,5663.6,5698.5
05-Mar-13,5722.45,5790.1,5722.4,5784.2
06-Mar-13,5816.4,5828.7,5795.05,5818.6
07-Mar-13,5801.3,5878,5801.3,5863.3
08-Mar-13,5883.65,5952.85,5883,5945.7
11-Mar-13,5946.1,5971.2,5930.35,5942.3
12-Mar-13,5944.6,5952,5893.65,5914.1
13-Mar-13,5884.8,5893.85,5842.25,5851.2
14-Mar-13,5845.95,5920.15,5791.75,5908.9
15-Mar-13,5914.9,5945.65,5861,5872.6
18-Mar-13,5816.75,5850.2,5814.35,5835.2
19-Mar-13,5859.5,5863.6,5724.3,5745.9
20-Mar-13,5740.55,5745.3,5682.3,5694.4
21-Mar-13,5705.9,5757.75,5647.95,5658.7
22-Mar-13,5659.8,5691.45,5631.8,5651.3
25-Mar-13,5707.3,5718.4,5624.4,5633.8
26-Mar-13,5613.75,5655.3,5612.05,5641.6
28-Mar-13,5647.75,5692.95,5604.85,5682.5
01-Apr-13,5697.35,5720.95,5675.9,5704.4
02-Apr-13,5701.7,5754.6,5687.15,5748.1
03-Apr-13,5740.2,5744.95,5650.1,5672.9
04-Apr-13,5640.65,5644.45,5565.65,5574.7
05-Apr-13,5568.1,5577.3,5534.7,5553.2
08-Apr-13,5550.5,5569.2,5537.05,5542.9
09-Apr-13,5568.75,5603.05,5487,5495.1
10-Apr-13,5536.25,5569.25,5477.2,5558.7
11-Apr-13,5601.65,5610.65,5542.85,5594
12-Apr-13,5520.7,5544.5,5494.9,5528.5
15-Apr-13,5508.5,5592.85,5500.3,5568.4
16-Apr-13,5562.45,5699.25,5555.85,5688.9
17-Apr-13,5708.65,5732.15,5669,5688.7
18-Apr-13,5682.7,5794.35,5681.85,5783.1
22-Apr-13,5789.85,5844.85,5789.8,5834.4
23-Apr-13,5843.1,5844.3,5791.55,5836.9
25-Apr-13,5856.1,5924.6,5853.3,5916.3
26-Apr-13,5899.75,5907.05,5860.5,5871.4
29-Apr-13,5877.6,5918.65,5868.8,5904.1
30-Apr-13,5932.6,5962.3,5867.8,5930.2
02-May-13,5911.4,6019.45,5910.95,5999.3
03-May-13,5993.5,6000.3,5930.15,5944
06-May-13,5944.9,5976.5,5928.45,5971
07-May-13,5983.45,6050.5,5982.95,6043.5
08-May-13,6064.15,6083.55,6024.95,6069.3
09-May-13,6078.35,6084.7,6040.45,6050.1
10-May-13,6046.25,6105.3,6045.6,6094.7
11-May-13,6088.2,6114.55,6084.15,6107.2
13-May-13,6098.2,6104.95,5972.9,5980.4
14-May-13,5989.7,6026.2,5970.05,5995.4
15-May-13,6018.85,6157.1,6018.85,6146.7
16-May-13,6128.25,6187.3,6128.25,6169.9
17-May-13,6172.95,6199.95,6146.15,6187.3
20-May-13,6198,6229.45,6146.05,6156.9
21-May-13,6152.35,6180.25,6102.35,6114.1
22-May-13,6127.05,6147.6,6074.45,6094.5
23-May-13,6050.4,6081.45,5955.7,5967
24-May-13,6010.7,6015.3,5936.8,5983.5
27-May-13,5989.4,6099.9,5975.55,6083.1
28-May-13,6086.35,6127.65,6055.4,6111.2
29-May-13,6120.45,6125.05,6069.8,6104.3
30-May-13,6072.15,6133.75,6072.15,6124
31-May-13,6098.7,6106.25,5975.55,5985.9
03-Jun-13,5997.35,6011,5916.35,5939.3
04-Jun-13,5941.1,5981.6,5910.25,5919.4
05-Jun-13,5908.3,5935.2,5883.7,5923.8
06-Jun-13,5895,5956.55,5869.5,5921.4
07-Jun-13,5900.05,5972.7,5871.3,5881
10-Jun-13,5907.9,5931.65,5857.4,5878
11-Jun-13,5848.75,5868.05,5780.35,5788.8
12-Jun-13,5771.75,5792.9,5738.6,5760.2
13-Jun-13,5709.35,5729.85,5683.1,5699.1
14-Jun-13,5748.95,5819.4,5739.4,5808.4
17-Jun-13,5820.4,5854.9,5770.25,5850
18-Jun-13,5841.9,5863.4,5804.3,5813.6
19-Jun-13,5805.75,5828.4,5777.9,5822.2
20-Jun-13,5754.15,5755,5645.65,5655.9
21-Jun-13,5639.9,5686.15,5616.85,5667.6
24-Jun-13,5638.05,5640,5566.25,5590.2
25-Jun-13,5606.95,5666.25,5570.25,5609.1
26-Jun-13,5627.95,5635.25,5579.35,5588.7
27-Jun-13,5647.95,5699.35,5630.95,5682.3
28-Jun-13,5749.5,5852.95,5749.5,5842.2
01-Jul-13,5834.1,5904.35,5822.2,5898.8
02-Jul-13,5885.5,5898.8,5852.3,5857.5
03-Jul-13,5811.95,5815,5760.4,5770.9
04-Jul-13,5794.75,5848.2,5786.05,5836.9
05-Jul-13,5889.95,5900.45,5858.45,5867.9
08-Jul-13,5833.15,5833.85,5775.55,5811.5
09-Jul-13,5834.6,5864.95,5834.6,5859
10-Jul-13,5869.9,5879.35,5802.85,5816.7
11-Jul-13,5894.5,5948.85,5887.95,5935.1
12-Jul-13,6000.5,6019,5951.15,6009
15-Jul-13,5991.2,6038.2,5980.95,6030.8
16-Jul-13,5930.8,5966.05,5910.95,5955.2
17-Jul-13,5972.25,5989.8,5926.75,5973.3
18-Jul-13,5984.7,6051.1,5974.55,6038
19-Jul-13,6057.2,6066.85,6020.25,6029.2
22-Jul-13,6009.75,6064.15,6004.25,6031.8
23-Jul-13,6064.3,6093.35,6061.3,6077.8
24-Jul-13,6032.2,6047.25,5962.6,5990.5
25-Jul-13,5970.4,5990.65,5896.4,5907.5
26-Jul-13,5937.95,5944.5,5869.5,5886.2
29-Jul-13,5869.95,5886,5825.8,5831.6
30-Jul-13,5836.05,5861.3,5747.6,5755
31-Jul-13,5738.35,5752.1,5675.75,5742
01-Aug-13,5776.9,5808.5,5676.85,5727.8
02-Aug-13,5750.05,5761.85,5649,5677.9
05-Aug-13,5682.4,5721,5661.5,5685.4
06-Aug-13,5664.9,5664.9,5521.8,5542.2
07-Aug-13,5549.3,5561.45,5486.85,5519.1
08-Aug-13,5510.05,5577.6,5510.05,5565.6
12-Aug-13,5606.7,5644.1,5557.1,5612.4
13-Aug-13,5600.25,5704.75,5578.9,5699.3
14-Aug-13,5715.4,5754.55,5690.2,5742.3
16-Aug-13,5705.45,5716.6,5496.05,5507.8
19-Aug-13,5497.55,5499.65,5360.65,5414.7
20-Aug-13,5353.45,5417.8,5306.35,5401.4
21-Aug-13,5494.45,5504.1,5268.45,5302.5
22-Aug-13,5282.8,5418.95,5254.05,5408.4
23-Aug-13,5428.75,5478.8,5377.8,5471.7
26-Aug-13,5499.4,5528.7,5454.45,5476.5
27-Aug-13,5426.5,5427.4,5274.25,5287.4
28-Aug-13,5233.45,5317.7,5118.85,5285
29-Aug-13,5316.5,5428.9,5303,5409
30-Aug-13,5407.45,5493.3,5360.2,5471.8
02-Sep-13,5480.25,5564.9,5478.85,5550.7
03-Sep-13,5574.7,5580.95,5323.75,5341.4
04-Sep-13,5358.65,5460.25,5318.9,5448.1
05-Sep-13,5553.75,5625.75,5552.7,5592.9
06-Sep-13,5617.45,5688.6,5566.15,5680.4
10-Sep-13,5738.5,5904.85,5738.2,5896.7
11-Sep-13,5887.25,5924.35,5832.7,5913.1
12-Sep-13,5931.15,5932,5815.8,5850.7
13-Sep-13,5828,5884.3,5822.9,5850.6
16-Sep-13,5930.3,5957.25,5798.15,5840.5
17-Sep-13,5824.2,5857.8,5804.9,5850.2
18-Sep-13,5872.75,5916.9,5840.2,5899.4
19-Sep-13,6044.15,6142.5,6040.15,6115.5
20-Sep-13,6104.55,6130.95,5932.85,6012.1
23-Sep-13,5945.8,5989.4,5871.4,5889.7
24-Sep-13,5855,5938.4,5854.55,5892.4
25-Sep-13,5901.55,5910.55,5811.1,5873.8
26-Sep-13,5872.8,5917.65,5864.1,5882.2
27-Sep-13,5905.55,5909.2,5819.3,5833.2
30-Sep-13,5801.05,5810.2,5718.5,5735.3
01-Oct-13,5756.1,5786.45,5700.95,5780
03-Oct-13,5819.1,5917.6,5802.7,5909.7
04-Oct-13,5891.3,5950.45,5885,5907.3
07-Oct-13,5889.05,5912,5825.85,5906.1
08-Oct-13,5975,5981.7,5913,5928.4
09-Oct-13,5893.25,6015.5,5877.1,6007.4
10-Oct-13,6001.05,6033.95,5979.8,6020.9
11-Oct-13,6104.85,6107.6,6046.4,6096.2
14-Oct-13,6093,6124.1,6082.9,6112.7
15-Oct-13,6147.55,6156.3,6056.55,6089
17-Oct-13,6098.5,6110.75,6032.55,6045.8
18-Oct-13,6070.9,6201.45,6070.9,6189.3
21-Oct-13,6202,6218.95,6163.3,6204.9
22-Oct-13,6192.3,6220.1,6181.8,6202.8
23-Oct-13,6209.55,6217.95,6116.6,6178.3
24-Oct-13,6162.8,6252.45,6142.95,6164.3
25-Oct-13,6154,6174.75,6125.95,6144.9
28-Oct-13,6155.1,6168.75,6094.1,6101.1
29-Oct-13,6107.55,6228.05,6079.2,6220.9
30-Oct-13,6230.8,6269.2,6222.6,6251.7
31-Oct-13,6237.15,6309.05,6235.9,6299.1
01-Nov-13,6289.75,6332.6,6286.95,6307.2
03-Nov-13,6332.05,6342.95,6311.15,6317.3
05-Nov-13,6282.15,6304.75,6244.3,6253.1
06-Nov-13,6260.55,6269.7,6208.7,6215.1
07-Nov-13,6228.9,6288.95,6180.8,6187.2
08-Nov-13,6170.15,6185.15,6120.95,6140.7
11-Nov-13,6110.4,6141.65,6067.75,6078.8
12-Nov-13,6087.25,6108.7,6011.75,6018
13-Nov-13,5998.85,6042.25,5972.45,5989.6
14-Nov-13,6037,6101.65,6036.65,6056.1
18-Nov-13,6111.05,6196.8,6110.4,6189
19-Nov-13,6197.25,6212.4,6180.2,6203.3
20-Nov-13,6186.85,6204.35,6106.95,6122.9
21-Nov-13,6096.5,6097.35,5985.4,5999
22-Nov-13,6027.35,6049.6,5972.8,5995.4
25-Nov-13,6035.95,6123.5,6035.95,6115.3
26-Nov-13,6099.25,6112.7,6047.75,6059.1
27-Nov-13,6062.7,6074,6030.3,6057.1
28-Nov-13,6092,6112.95,6068.3,6091.8
29-Nov-13,6103.9,6182.5,6103.8,6176.1
02-Dec-13,6171.15,6228.7,6171.15,6217.8
03-Dec-13,6204.25,6225.4,6191.4,6201.8
04-Dec-13,6187.95,6209.15,6149.9,6160.9
05-Dec-13,6262.45,6300.55,6232,6241.1
06-Dec-13,6234.4,6275.35,6230.75,6259.9
09-Dec-13,6415,6415.25,6345,6363.9
10-Dec-13,6354.7,6362.25,6307.55,6332.8
11-Dec-13,6307.2,6326.6,6280.25,6307.9
12-Dec-13,6276.75,6286.85,6230.55,6237
13-Dec-13,6201.3,6208.6,6161.4,6168.4
16-Dec-13,6168.35,6183.25,6146.05,6154.7
17-Dec-13,6178.2,6190.55,6133,6139
18-Dec-13,6129.95,6236,6129.95,6217.1
19-Dec-13,6253.9,6263.75,6150.7,6166.6
20-Dec-13,6179.95,6284.5,6170.35,6274.2
23-Dec-13,6267.2,6317.5,6266.95,6284.5
24-Dec-13,6296.45,6301.5,6262,6268.4
26-Dec-13,6270.1,6302.75,6259.45,6278.9
27-Dec-13,6292.8,6324.9,6289.4,6313.8
30-Dec-13,6336.4,6344.05,6273.15,6291.1
31-Dec-13,6307.35,6317.3,6287.3,6304
01-Jan-14,6323.8,6327.2,6298.25,6301.6
02-Jan-14,6301.25,6358.3,6211.3,6221.1
03-Jan-14,6194.55,6221.7,6171.25,6211.1
06-Jan-14,6220.85,6224.7,6170.25,6191.4
07-Jan-14,6203.9,6221.5,6144.75,6162.2
08-Jan-14,6178.05,6192.1,6160.35,6174.6
09-Jan-14,6181.7,6188.05,6148.25,6168.3
10-Jan-14,6178.85,6239.1,6139.6,6171.4
13-Jan-14,6189.55,6288.2,6189.55,6272.7
14-Jan-14,6260.25,6280.35,6234.15,6241.8
15-Jan-14,6265.95,6325.2,6265.3,6320.9
16-Jan-14,6341.35,6346.5,6299.85,6318.9
17-Jan-14,6306.25,6327.1,6246.35,6261.6
20-Jan-14,6261.75,6307.45,6243.35,6303.9
21-Jan-14,6320.15,6330.3,6297.9,6313.8
22-Jan-14,6309.05,6349.95,6287.45,6338.9
23-Jan-14,6325.95,6355.6,6316.4,6345.6
24-Jan-14,6301.65,6331.45,6263.9,6266.7
27-Jan-14,6186.3,6188.55,6130.25,6135.8
28-Jan-14,6131.85,6163.6,6085.95,6126.2
29-Jan-14,6161,6170.45,6109.8,6120.2
30-Jan-14,6067,6082.85,6027.25,6073.7
31-Jan-14,6082.75,6097.85,6067.35,6089.5
03-Feb-14,6058.8,6074.85,5994.45,6001.8
04-Feb-14,5947.6,6017.8,5933.3,6000.9
05-Feb-14,6004.25,6028.05,5962.05,6022.4
06-Feb-14,6028.35,6048.35,5965.4,6036.3
07-Feb-14,6077.65,6079.95,6030.9,6063.2
10-Feb-14,6072.8,6083.05,6046.4,6053.4
11-Feb-14,6072.45,6081.85,6053.25,6062.7
12-Feb-14,6085.35,6106.6,6077.4,6084
13-Feb-14,6087.55,6094.4,5991.1,6001.1
14-Feb-14,6023.75,6056.4,5984.6,6048.3
17-Feb-14,6057.1,6080.65,6038.3,6073.3
18-Feb-14,6071.3,6141.7,6066.8,6127.1
19-Feb-14,6132.05,6160.35,6125.75,6152.7
20-Feb-14,6127.15,6129.1,6086.45,6091.4
21-Feb-14,6108.3,6159.65,6108,6155.4
24-Feb-14,6140.95,6191.85,6130.8,6186.1
25-Feb-14,6205.7,6216.85,6176.6,6200
26-Feb-14,6202.45,6245.95,6202.1,6238.8
28-Feb-14,6228.45,6282.7,6228.1,6276.9
03-Mar-14,6264.35,6277.75,6212.25,6221.4
04-Mar-14,6216.75,6302.15,6215.7,6297.9
05-Mar-14,6328.45,6336.25,6287.8,6328.6
06-Mar-14,6344.75,6406.6,6339.7,6401.1
07-Mar-14,6413.95,6537.8,6413.55,6526.6
10-Mar-14,6491.7,6562.2,6487.35,6537.2
11-Mar-14,6537.35,6562.85,6494.25,6511.9
12-Mar-14,6497.5,6546.15,6487.3,6516.9
13-Mar-14,6491.75,6561.45,6476.65,6493.1
14-Mar-14,6447.25,6518.45,6432.7,6504.2
18-Mar-14,6532.45,6574.95,6497.65,6516.6
19-Mar-14,6530,6541.2,6506,6524
20-Mar-14,6508.35,6523.65,6473.25,6483.1
21-Mar-14,6515.2,6522.9,6485.7,6493.2
22-Mar-14,6497.8,6502.65,6481.35,6494.9
24-Mar-14,6510.5,6591.5,6510.5,6583.5
25-Mar-14,6550.1,6595.55,6544.85,6589.7
26-Mar-14,6615.65,6627.45,6580.6,6601.4
27-Mar-14,6613.1,6673.95,6599.5,6641.7
28-Mar-14,6673.05,6702.6,6643.8,6695.9
31-Mar-14,6723.15,6730.05,6662.4,6704.2
01-Apr-14,6729.5,6732.25,6675.45,6721
02-Apr-14,6757.6,6763.5,6723.6,6752.5
03-Apr-14,6772.05,6776.75,6696.9,6736.1
04-Apr-14,6741.85,6741.85,6685.15,6694.3
07-Apr-14,6694.25,6725.15,6650.4,6695
09-Apr-14,6722,6808.7,6705.1,6796.2
10-Apr-14,6803.05,6819.05,6777.3,6796.4
11-Apr-14,6758.35,6789.35,6743.15,6776.3
15-Apr-14,6792.7,6813.4,6711.75,6733.1
16-Apr-14,6727.25,6748.65,6665.15,6675.3
17-Apr-14,6695.45,6783.05,6684.4,6779.4
21-Apr-14,6789.25,6825.45,6786.9,6817.6
22-Apr-14,6822.9,6838,6806.25,6815.3
23-Apr-14,6823.25,6861.6,6820.75,6840.8
25-Apr-14,6855.8,6869.85,6772.85,6782.7
28-Apr-14,6778.55,6786.25,6750.3,6761.2
29-Apr-14,6769,6779.7,6708.65,6715.2
30-Apr-14,6724.95,6780.15,6656.8,6696.4
02-May-14,6709.95,6737.65,6689.5,6694.8
05-May-14,6681.65,6741.05,6680.45,6699.3
06-May-14,6719.25,6743.45,6701.9,6715.3
07-May-14,6708.6,6718.75,6642.9,6652.5
08-May-14,6669.9,6688.4,6638.55,6659.8
09-May-14,6654.15,6871.35,6652.15,6858.8
12-May-14,6863.4,7020.05,6862.9,7014.2
13-May-14,7080,7172.35,7067.15,7108.7
14-May-14,7112,7142.25,7080.9,7108.7
15-May-14,7111.3,7152.55,7082.55,7123.1
16-May-14,7270.2,7563.5,7130.65,7203
19-May-14,7276.85,7291.1,7193.55,7263.5
20-May-14,7309.95,7353.65,7247.7,7275.5
21-May-14,7274.85,7287.15,7206.7,7252.9
22-May-14,7289.95,7319.55,7258.15,7276.4
23-May-14,7306.5,7381,7293.9,7367.1
26-May-14,7428.75,7504,7269.05,7359
27-May-14,7363.1,7372.95,7274.75,7318
28-May-14,7324.95,7344.75,7302.6,7329.6
29-May-14,7316.6,7325.4,7224.4,7235.6
30-May-14,7254.85,7272.5,7118.45,7229.9
02-Jun-14,7264.05,7368.6,7239.5,7362.5
03-Jun-14,7375.35,7424.95,7342.15,7415.8
04-Jun-14,7417.55,7433.3,7391.35,7402.2
05-Jun-14,7399.75,7484.7,7360.5,7474.1
06-Jun-14,7521.5,7592.7,7497.65,7583.4
09-Jun-14,7621.65,7673.7,7580.25,7654.6
10-Jun-14,7679.05,7683.2,7579.3,7656.4
11-Jun-14,7672.4,7700.05,7589.05,7626.8
12-Jun-14,7641.3,7658,7593.8,7649.9
13-Jun-14,7668.2,7678.5,7525.35,7542.1
16-Jun-14,7534.8,7548.6,7487.55,7533.5
17-Jun-14,7525.05,7637.6,7509.25,7631.7
18-Jun-14,7636.05,7663,7515.5,7558.2
19-Jun-14,7580.05,7606.45,7502.55,7540.7
20-Jun-14,7543.3,7560.55,7497.3,7511.4
23-Jun-14,7514,7534.8,7441.6,7493.3
24-Jun-14,7515.2,7593.35,7515.2,7580.2
25-Jun-14,7588.55,7589.25,7557.05,7569.2
26-Jun-14,7554.1,7570.2,7481.3,7493.2
27-Jun-14,7514.2,7538.75,7482.3,7508.8
30-Jun-14,7534.05,7623.65,7531.6,7611.3
01-Jul-14,7629,7649.5,7618.15,7634.7
02-Jul-14,7683.05,7732.4,7677.3,7725.1
03-Jul-14,7734.35,7754.65,7706.8,7714.8
04-Jul-14,7718.1,7758,7661.3,7751.6
07-Jul-14,7780.4,7792,7755.1,7787.1
08-Jul-14,7804.05,7808.85,7595.9,7623.2
09-Jul-14,7637.95,7650.1,7551.65,7585
10-Jul-14,7589.5,7731.05,7479.05,7567.7
11-Jul-14,7584.1,7625.85,7447.2,7459.6
14-Jul-14,7469,7478.45,7422.15,7454.1
15-Jul-14,7491.3,7534.9,7459.15,7526.6
16-Jul-14,7564.15,7640.1,7532.45,7624.4
17-Jul-14,7612.7,7655.65,7612.7,7640.4
18-Jul-14,7630.25,7685,7595.5,7663.9
21-Jul-14,7701.65,7722.1,7674,7684.2
22-Jul-14,7708.2,7773.85,7704.8,7767.8
23-Jul-14,7794.9,7809.2,7752.9,7795.7
24-Jul-14,7796.25,7835.65,7771.65,7830.6
25-Jul-14,7828.2,7840.95,7748.6,7790.4
28-Jul-14,7792.9,7799.9,7722.65,7748.7
30-Jul-14,7746.2,7798.7,7707.6,7791.4
31-Jul-14,7784.65,7791.85,7711.15,7721.3
01-Aug-14,7662.5,7716.7,7593.9,7602.6
04-Aug-14,7639.55,7694.8,7622.05,7683.6
05-Aug-14,7706.65,7752.45,7638.05,7746.5
06-Aug-14,7726.15,7740.95,7658.95,7672
07-Aug-14,7651.15,7708.95,7630.4,7649.2
08-Aug-14,7588.7,7592.45,7540.1,7568.5
11-Aug-14,7619.85,7635.55,7598.6,7625.9
12-Aug-14,7688.8,7735.75,7654.8,7727
13-Aug-14,7717.3,7757.1,7695.7,7739.5
14-Aug-14,7756.15,7796.7,7739.1,7791.7
18-Aug-14,7785.25,7880.5,7779.2,7874.2
19-Aug-14,7901,7918.55,7881.15,7897.5
20-Aug-14,7915.8,7922.7,7864.05,7875.3
21-Aug-14,7875.35,7919.65,7855.95,7891.1
22-Aug-14,7904.55,7929.05,7900.05,7913.2
25-Aug-14,7931.75,7968.25,7897.95,7906.3
26-Aug-14,7874.5,7915.45,7862.45,7904.7
27-Aug-14,7933.9,7946.85,7916.55,7936
28-Aug-14,7942.25,7967.8,7939.2,7954.3
01-Sep-14,7990.35,8035,7984,8027.7
02-Sep-14,8038.6,8101.95,8036.55,8083
03-Sep-14,8110.85,8141.9,8092.25,8114.6
04-Sep-14,8114.2,8114.8,8060.9,8095.9
05-Sep-14,8099.9,8122.7,8049.85,8086.8
08-Sep-14,8132.95,8180.2,8126.15,8173.9
09-Sep-14,8161.9,8174.55,8126.5,8152.9
10-Sep-14,8135.55,8135.75,8082.1,8094.1
11-Sep-14,8115.15,8127.95,8057.3,8085.7
12-Sep-14,8087.05,8114.3,8071.6,8105.5
15-Sep-14,8070.35,8077.3,8030,8042
16-Sep-14,8036.6,8044.9,7925.15,7932.9
17-Sep-14,7971.5,7990.65,7936.95,7975.5
18-Sep-14,7950.65,8120.85,7939.7,8114.7
19-Sep-14,8129.4,8160.9,8105.35,8121.4
22-Sep-14,8084.45,8159.9,8064.8,8146.3
23-Sep-14,8144.4,8159.75,8008.1,8017.5
24-Sep-14,8015.55,8042.05,7950.05,8002.4
25-Sep-14,8003.3,8019.3,7877.35,7911.8
26-Sep-14,7885.85,7993.3,7841.8,7968.8
29-Sep-14,7978.45,7991.75,7934.7,7958.9
30-Sep-14,7948.8,8030.9,7923.85,7964.8
01-Oct-14,7960.5,7977.5,7936.7,7945.5
07-Oct-14,7897.4,7943.05,7842.7,7852.4
08-Oct-14,7828.75,7869.9,7815.75,7842.7
09-Oct-14,7886.5,7972.35,7886.5,7960.5
10-Oct-14,7911,7924.05,7848.45,7859.9
13-Oct-14,7831,7901.15,7796,7884.2
14-Oct-14,7923.25,7928,7825.45,7864
16-Oct-14,7837.3,7893.9,7729.65,7748.2
17-Oct-14,7733.75,7819.2,7723.85,7779.7
20-Oct-14,7896.95,7905.95,7856.95,7879.4
21-Oct-14,7906.15,7936.6,7874.35,7927.7
22-Oct-14,7997.8,8005,7974.55,7995.9
23-Oct-14,8027.7,8031.75,8008.85,8014.5
27-Oct-14,8064.35,8064.4,7985.65,7991.7
28-Oct-14,8002.4,8037.8,7995.05,8027.6
29-Oct-14,8077.05,8097.95,8052.25,8090.4
30-Oct-14,8085.2,8181.55,8085.2,8169.2
31-Oct-14,8200.8,8330.75,8198.05,8322.2
03-Nov-14,8348.15,8350.6,8297.65,8324.1
05-Nov-14,8351.25,8365.55,8323.5,8338.3
07-Nov-14,8331.85,8360.35,8290.25,8337
10-Nov-14,8337.8,8383.05,8304.45,8344.2
11-Nov-14,8354.1,8378.7,8321.85,8362.6
12-Nov-14,8378.9,8415.05,8370.5,8383.3
13-Nov-14,8405.25,8408,8320.35,8357.8
14-Nov-14,8360.7,8400.65,8346.8,8389.9
17-Nov-14,8378.4,8438.1,8349.1,8430.7
18-Nov-14,8441.25,8454.5,8407.25,8425.9
19-Nov-14,8440.65,8455.65,8360.5,8382.3
20-Nov-14,8406.5,8410.85,8353.15,8401.9
21-Nov-14,8408.2,8489.8,8398.6,8477.3
24-Nov-14,8490.95,8534.65,8490.8,8530.1
25-Nov-14,8530.8,8535.35,8429.45,8463.1
26-Nov-14,8450.3,8500.3,8438.65,8475.7
27-Nov-14,8477.8,8506.75,8456.35,8494.2
28-Nov-14,8516.8,8617,8516.25,8588.2
01-Dec-14,8605.1,8623,8545.15,8555.9
02-Dec-14,8535.45,8560.2,8504.65,8524.7
03-Dec-14,8528.7,8546.95,8508.35,8537.6
04-Dec-14,8582.4,8626.95,8526.4,8564.4
05-Dec-14,8584.25,8588.35,8523.9,8538.3
08-Dec-14,8538.65,8546.35,8432.25,8438.2
09-Dec-14,8439.3,8444.5,8330.5,8340.7
10-Dec-14,8318.05,8376.8,8317,8355.6
11-Dec-14,8338.85,8348.3,8272.4,8292.9
12-Dec-14,8302,8321.9,8216.3,8224.1
15-Dec-14,8160.75,8242.4,8152.5,8219.6
16-Dec-14,8172.6,8189.35,8052.6,8067.6
17-Dec-14,8041.2,8082,7961.35,8029.8
18-Dec-14,8138.9,8174.3,8084.9,8159.3
19-Dec-14,8230.45,8263.45,8208.6,8225.2
22-Dec-14,8255,8330.95,8228.2,8324
23-Dec-14,8324.6,8364.75,8252.85,8267
24-Dec-14,8272.05,8286.4,8155.25,8174.1
26-Dec-14,8204.8,8234.55,8147.95,8200.7
29-Dec-14,8214.7,8279.15,8214.7,8246.3
30-Dec-14,8260.3,8268.25,8220.55,8248.2
31-Dec-14,8243.9,8291,8243.75,8282.7
01-Jan-15,8272.8,8294.7,8248.75,8284
02-Jan-15,8288.7,8410.6,8288.7,8395.4
05-Jan-15,8407.95,8445.6,8363.9,8378.4
06-Jan-15,8325.3,8327.85,8111.35,8127.3
07-Jan-15,8118.65,8151.2,8065.45,8102.1
08-Jan-15,8191.4,8243.5,8167.3,8234.6
09-Jan-15,8285.45,8303.3,8190.8,8284.5
12-Jan-15,8291.35,8332.6,8245.6,8323
13-Jan-15,8346.15,8356.65,8267.9,8299.4
14-Jan-15,8307.25,8326.45,8236.65,8277.5
15-Jan-15,8424.5,8527.1,8380.55,8494.1
16-Jan-15,8504.05,8530.75,8452.25,8513.8
19-Jan-15,8550.05,8570.95,8531.5,8550.7
20-Jan-15,8575.1,8707.9,8574.5,8695.6
21-Jan-15,8719.65,8741.85,8689.6,8729.5
22-Jan-15,8745.85,8774.15,8727,8761.4
23-Jan-15,8827.95,8866.4,8795.4,8835.6
27-Jan-15,8871.35,8925.05,8825.45,8910.5
28-Jan-15,8902.75,8985.05,8874.05,8914.3
29-Jan-15,8901.5,8966.65,8861.25,8952.3
30-Jan-15,8996.6,8996.6,8775.1,8808.9
02-Feb-15,8802.5,8840.8,8751.1,8797.4
03-Feb-15,8823.15,8837.3,8726.65,8756.5
04-Feb-15,8789.15,8792.85,8704.4,8723.7
05-Feb-15,8733.1,8838.45,8683.65,8711.7
06-Feb-15,8696.85,8726.2,8645.55,8661
09-Feb-15,8584.4,8605.55,8516.35,8526.3
10-Feb-15,8478.1,8646.25,8470.5,8565.5
11-Feb-15,8603.3,8651.95,8593.65,8627.4
12-Feb-15,8676.95,8732.55,8599.25,8711.5
13-Feb-15,8741.5,8822.1,8729.65,8805.5
16-Feb-15,8831.4,8870.1,8793.4,8809.3
18-Feb-15,8811.55,8894.3,8808.9,8869.1
19-Feb-15,8883.05,8913.45,8794.45,8895.3
20-Feb-15,8895.5,8899.95,8816.3,8833.6
23-Feb-15,8856.85,8869,8736.1,8754.9
24-Feb-15,8772.9,8800.5,8726.75,8762.1
25-Feb-15,8801.9,8840.65,8751.4,8767.2
26-Feb-15,8779,8786.05,8669.45,8683.8
27-Feb-15,8729.5,8856.95,8717.45,8844.6
28-Feb-15,8913.05,8941.1,8751.35,8901.8
02-Mar-15,8953.85,8972.35,8885.45,8956.7
03-Mar-15,8962.85,9008.4,8925.55,8996.2
04-Mar-15,9109.15,9119.2,8893.95,8922.6
05-Mar-15,8929.4,8957.55,8849.35,8937.7
09-Mar-15,8891.15,8891.3,8740.45,8756.7
10-Mar-15,8769.75,8778,8677.35,8712
11-Mar-15,8728.75,8755.6,8682.35,8699.9
12-Mar-15,8740.65,8787.2,8732.9,8776
13-Mar-15,8844.05,8849.75,8631.75,8647.7
16-Mar-15,8656.75,8663.55,8612,8633.1
17-Mar-15,8689.1,8742.55,8630.8,8723.3
18-Mar-15,8742.9,8747.25,8664,8685.9
19-Mar-15,8749.45,8788.2,8614.65,8634.6
20-Mar-15,8627.9,8627.9,8553,8570.9
23-Mar-15,8591.55,8608.35,8540.55,8550.9
24-Mar-15,8537.05,8627.75,8535.85,8542.9
25-Mar-15,8568.9,8573.75,8516.55,8530.8
26-Mar-15,8474.95,8499.45,8325.35,8342.1
27-Mar-15,8396,8413.2,8269.15,8341.4
30-Mar-15,8390.95,8504.55,8380.75,8492.3
31-Mar-15,8527.6,8550.45,8454.15,8491
01-Apr-15,8483.7,8603.4,8464.75,8586.2
06-Apr-15,8615.8,8667.55,8573.75,8659.9
07-Apr-15,8684.45,8693.6,8586.85,8660.3
08-Apr-15,8698.95,8730.5,8679.8,8714.4
09-Apr-15,8756.2,8785.5,8682.45,8778.3
10-Apr-15,8774.35,8787.4,8733.6,8780.3
13-Apr-15,8801.75,8841.65,8762.1,8834
15-Apr-15,8844.75,8844.8,8722.4,8750.2
16-Apr-15,8757.05,8760,8645.65,8706.7
17-Apr-15,8698.05,8699.85,8596.7,8606
20-Apr-15,8618.8,8619.95,8422.75,8448.1
21-Apr-15,8416.1,8469.35,8352.7,8377.7
22-Apr-15,8400.4,8449.95,8284.7,8429.7
23-Apr-15,8478.2,8504.95,8361.85,8398.3
24-Apr-15,8405.7,8413.3,8273.35,8305.2
27-Apr-15,8330.55,8334.45,8202.35,8213.8
28-Apr-15,8215.55,8308,8185.15,8285.6
29-Apr-15,8274.8,8308.2,8219.2,8239.7
30-Apr-15,8224.5,8229.4,8144.75,8181.5
04-May-15,8230.05,8346,8220.45,8331.9
05-May-15,8338.4,8355.65,8280.6,8324.8
06-May-15,8316.6,8331.95,8083,8097
07-May-15,8077,8122.6,7997.15,8057.3
08-May-15,8131.5,8224.95,8123.45,8191.5
11-May-15,8243.2,8332.75,8224.65,8325.2
12-May-15,8326.15,8326.65,8115.3,8126.9
13-May-15,8181.55,8254.95,8089.8,8235.4
14-May-15,8232.45,8236.25,8137.3,8224.2
15-May-15,8240.3,8279.2,8212.2,8262.3
18-May-15,8284.95,8384.6,8271.95,8373.6
19-May-15,8356.2,8427.8,8335,8365.6
20-May-15,8392.65,8440.35,8391.45,8423.2
21-May-15,8434.5,8446.35,8382.5,8421
22-May-15,8432.5,8489.55,8420.6,8458.9
25-May-15,8438.15,8441.95,8364.15,8370.2
26-May-15,8377.1,8378.9,8320.05,8339.3
27-May-15,8302.75,8342.85,8277.95,8334.6
28-May-15,8345.7,8364.5,8270.15,8319
29-May-15,8327.1,8443.9,8305.7,8433.6
01-Jun-15,8417.25,8467.15,8405.4,8433.4
02-Jun-15,8442.8,8445.35,8226.05,8236.4
03-Jun-15,8232.45,8236.7,8094.15,8135.1
04-Jun-15,8155.15,8160.05,8056.75,8130.6
05-Jun-15,8119.15,8191,8100.15,8114.7
08-Jun-15,8124.35,8131,8030.55,8044.1
09-Jun-15,8026.5,8057.15,8005.15,8022.4
10-Jun-15,8024.15,8152.25,8023.8,8124.4
11-Jun-15,8157.3,8163.05,7958.25,7965.3
12-Jun-15,7959.85,7995.6,7940.3,7982.9
15-Jun-15,7986.6,8057.7,7944.85,8013.9
16-Jun-15,8004.2,8061.85,7952.35,8047.3
17-Jun-15,8084.2,8136.85,8048.95,8091.5
18-Jun-15,8113.7,8186.9,8101.8,8174.6
19-Jun-15,8201.15,8250.8,8195.65,8224.9
22-Jun-15,8259.3,8369.45,8257.4,8353.1
23-Jun-15,8377.45,8398.45,8334.95,8381.5
24-Jun-15,8399.4,8421.35,8338.9,8360.8
25-Jun-15,8336.25,8423.15,8329.5,8398
26-Jun-15,8393.95,8408.55,8339.7,8381.1
29-Jun-15,8247.05,8329.45,8195.65,8318.4
30-Jun-15,8316.35,8378,8298.95,8368.5
01-Jul-15,8376.25,8481.6,8370.15,8453
02-Jul-15,8471.95,8479.25,8433.2,8444.9
03-Jul-15,8440.1,8497.75,8424.15,8484.9
06-Jul-15,8386.15,8533.15,8386.15,8522.1
07-Jul-15,8525.5,8561.35,8483.85,8510.8
08-Jul-15,8439.2,8457.5,8341.4,8363
09-Jul-15,8364.85,8400.3,8323,8328.5
10-Jul-15,8365.7,8377.1,8315.4,8360.5
13-Jul-15,8397.25,8471.65,8355.4,8459.6
14-Jul-15,8470.6,8480.25,8424.1,8454.1
15-Jul-15,8463.4,8531.4,8462.95,8523.8
16-Jul-15,8546.15,8616.1,8542.9,8608
17-Jul-15,8623.65,8642.95,8593.15,8609.8
20-Jul-15,8623.9,8624.1,8559,8603.4
21-Jul-15,8601.5,8646.75,8517.9,8529.4
22-Jul-15,8512.25,8643.9,8498.65,8633.5
23-Jul-15,8643.95,8654.75,8573.8,8589.8
24-Jul-15,8588.15,8589.15,8513.5,8521.5
27-Jul-15,8492.1,8492.2,8351.55,8361
28-Jul-15,8371.1,8397.4,8321.75,8337
29-Jul-15,8365.6,8381.5,8338.45,8375
30-Jul-15,8417,8458.9,8408.3,8421.8
31-Jul-15,8456.1,8548.95,8448,8532.8
03-Aug-15,8510.65,8563.95,8508.1,8543
04-Aug-15,8564.1,8565.15,8448.25,8516.9
05-Aug-15,8547.45,8591.85,8545.85,8567.9
06-Aug-15,8585.8,8606.3,8551.5,8588.6
07-Aug-15,8580.8,8595.95,8552.7,8564.6
10-Aug-15,8577,8621.55,8497.8,8525.6
11-Aug-15,8548.45,8556.25,8441.3,8462.3
12-Aug-15,8445.7,8446.95,8337.95,8349.4
13-Aug-15,8384.45,8429.5,8339.75,8355.8
14-Aug-15,8402.35,8530.1,8381.2,8518.5
17-Aug-15,8530.5,8530.6,8428.05,8477.3
18-Aug-15,8505.85,8525.75,8433.6,8466.5
19-Aug-15,8468.05,8520.45,8425.95,8495.1
20-Aug-15,8471.05,8501.35,8359.75,8372.7
21-Aug-15,8305.4,8322.2,8225.05,8299.9
24-Aug-15,8055.95,8060.05,7769.4,7809
25-Aug-15,7895.4,7925.4,7667.25,7880.7
26-Aug-15,7865.25,7930.05,7777.1,7791.8
27-Aug-15,7921.6,7963.6,7862.3,7948.9
28-Aug-15,8053.7,8091.8,7961.65,8001.9
31-Aug-15,8009.25,8043.6,7947.95,7971.3
01-Sep-15,7907.95,7929.1,7746.5,7785.8
02-Sep-15,7856.65,7862.55,7699.25,7717
03-Sep-15,7774.45,7845.6,7754.05,7823
04-Sep-15,7803.4,7804.9,7626.85,7655
07-Sep-15,7685.85,7705.05,7545.9,7558.8
08-Sep-15,7587.7,7720.9,7539.5,7688.2
09-Sep-15,7805.85,7846.05,7764.55,7818.6
10-Sep-15,7729.05,7819.85,7678.5,7788.1
11-Sep-15,7833.8,7864.85,7759.9,7789.3
14-Sep-15,7811.1,7879.95,7761.85,7872.2
15-Sep-15,7867.35,7880,7799.75,7829.1
16-Sep-15,7886.85,7913.9,7853.3,7899.1
18-Sep-15,7967.45,8055,7955.85,7981.9
21-Sep-15,7911.5,7987.9,7908.35,7977.1
22-Sep-15,8014.8,8021.6,7787.75,7812
23-Sep-15,7737.35,7882.9,7723.25,7845.9
24-Sep-15,7838.4,7894.5,7804.1,7868.5
28-Sep-15,7892.8,7893.95,7787.95,7795.7
29-Sep-15,7725.7,7926.55,7691.2,7843.3
30-Sep-15,7924.25,7957.7,7874.5,7948.9
01-Oct-15,7992.05,8008.25,7930.65,7950.9
05-Oct-15,8005.1,8128.9,8005.1,8119.3
06-Oct-15,8180.45,8180.95,8096.5,8152.9
07-Oct-15,8146.2,8188.9,8132.9,8177.4
08-Oct-15,8196.75,8196.75,8105.85,8129.3
09-Oct-15,8186.35,8232.2,8139.65,8189.7
12-Oct-15,8231.5,8244.5,8128.2,8143.6
13-Oct-15,8121.95,8150.25,8088.6,8131.7
14-Oct-15,8102.4,8139.3,8096.35,8107.9
15-Oct-15,8134.35,8190.55,8129.8,8179.5
16-Oct-15,8193.65,8246.4,8147.65,8238.1
19-Oct-15,8262.55,8283.05,8239.2,8275
20-Oct-15,8280.3,8294.05,8229.2,8261.6
21-Oct-15,8258.35,8294.4,8217.15,8251.7
23-Oct-15,8308.25,8328.1,8280.75,8295.4
26-Oct-15,8333.65,8336.3,8252.05,8260.5
27-Oct-15,8230.35,8241.95,8217.05,8232.9
28-Oct-15,8188.9,8209.1,8131.8,8171.2
29-Oct-15,8175.45,8179.6,8098,8111.7
30-Oct-15,8123.55,8146.1,8044.4,8065.8
02-Nov-15,8054.55,8060.7,7995.6,8050.8
03-Nov-15,8086.35,8100.35,8031.75,8060.7
04-Nov-15,8104.9,8116.1,8027.3,8040.2
05-Nov-15,8030.35,8031.2,7944.1,7955.4
06-Nov-15,7956.55,8002.65,7926.15,7954.3
09-Nov-15,7788.25,7937.75,7771.7,7915.2
10-Nov-15,7877.6,7885.1,7772.85,7783.3
11-Nov-15,7838.8,7847.95,7819.1,7825
13-Nov-15,7762.45,7775.1,7730.9,7762.2
16-Nov-15,7732.95,7838.85,7714.15,7806.6
17-Nov-15,7848.75,7860.45,7793,7837.5
18-Nov-15,7823.15,7843.4,7725.05,7731.8
19-Nov-15,7788.5,7854.9,7765.45,7842.7
20-Nov-15,7841.9,7906.95,7817.8,7856.5
23-Nov-15,7869.5,7877.5,7825.2,7849.2
24-Nov-15,7837,7870.35,7812.65,7831.6
26-Nov-15,7837.15,7897.1,7832,7883.8
27-Nov-15,7910.6,7959.3,7879.45,7942.7
30-Nov-15,7936.25,7966,7922.8,7935.2
01-Dec-15,7958.15,7972.15,7934.15,7954.9
02-Dec-15,7976.7,7979.3,7910.8,7931.3
03-Dec-15,7902.3,7912.3,7853.3,7864.1
04-Dec-15,7817.6,7821.4,7775.7,7781.9
07-Dec-15,7816.55,7825.4,7746.05,7765.4
08-Dec-15,7738.5,7771.25,7685.45,7701.7
09-Dec-15,7695.5,7702.85,7606.9,7612.5
10-Dec-15,7643.3,7691.95,7610,7683.3
11-Dec-15,7699.6,7703.05,7575.3,7610.4
14-Dec-15,7558.2,7663.95,7551.05,7650
15-Dec-15,7659.15,7705,7625.1,7700.9
16-Dec-15,7725.25,7776.6,7715.75,7750.9
17-Dec-15,7783.05,7852.9,7737.55,7844.3
18-Dec-15,7828.9,7836.15,7753.35,7761.9
21-Dec-15,7745.65,7840.75,7733.45,7834.4
22-Dec-15,7829.4,7846.3,7776.85,7786.1
23-Dec-15,7830.45,7871.45,7826.1,7865.9
24-Dec-15,7888.75,7888.75,7835.5,7861
28-Dec-15,7863.2,7937.2,7863,7925.1
29-Dec-15,7929.2,7942.15,7902.75,7928.9
30-Dec-15,7938.6,7944.75,7889.85,7896.2
31-Dec-15,7897.8,7955.55,7891.15,7946.3
01-Jan-16,7938.45,7972.55,7909.8,7963.2
04-Jan-16,7924.55,7937.55,7781.1,7791.3
05-Jan-16,7828.4,7831.2,7763.25,7784.6
06-Jan-16,7788.05,7800.95,7721.2,7741
07-Jan-16,7673.35,7674.95,7556.6,7568.3
08-Jan-16,7611.65,7634.1,7581.05,7601.3
11-Jan-16,7527.45,7605.1,7494.35,7563.8
12-Jan-16,7587.2,7588.3,7487.8,7510.3
13-Jan-16,7557.9,7590.95,7425.8,7562.4
14-Jan-16,7467.4,7604.8,7443.8,7536.8
15-Jan-16,7561.65,7566.5,7427.3,7437.8
18-Jan-16,7420.35,7463.65,7336.4,7351
19-Jan-16,7381.8,7462.75,7364.15,7435.1
20-Jan-16,7357,7470.9,7241.5,7309.3
21-Jan-16,7376.65,7398.7,7250,7276.8
22-Jan-16,7355.7,7433.4,7327.6,7422.4
25-Jan-16,7468.75,7487.15,7421.2,7436.1
27-Jan-16,7469.6,7477.9,7419.7,7437.7
28-Jan-16,7426.5,7468.85,7409.6,7424.6
29-Jan-16,7413.35,7575.65,7402.8,7563.5
01-Feb-16,7589.5,7600.45,7541.25,7555.9
02-Feb-16,7566.65,7576.3,7428.05,7455.5
03-Feb-16,7392.45,7419.4,7350.3,7361.8
04-Feb-16,7411.45,7457.05,7365.95,7404
05-Feb-16,7418.25,7503.15,7406.65,7489.1
08-Feb-16,7489.7,7512.55,7363.2,7387.2
09-Feb-16,7303.95,7323.45,7275.15,7298.2
10-Feb-16,7264.3,7271.85,7177.75,7215.7
11-Feb-16,7203.6,7208.65,6959.95,6976.3
12-Feb-16,7023.65,7034.8,6869,6980.9
15-Feb-16,7057.35,7182.8,7056.8,7162.9
16-Feb-16,7201.25,7204.65,7037.7,7048.2
17-Feb-16,7058.85,7123.7,6960.65,7108.4
18-Feb-16,7177.4,7215.1,7127.85,7191.7
19-Feb-16,7170.55,7226.85,7145.95,7210.7
22-Feb-16,7208.85,7252.4,7200.7,7234.5
23-Feb-16,7240.3,7241.7,7090.7,7109.5
24-Feb-16,7075,7090.8,7009.75,7018.7
25-Feb-16,7029.85,7034.2,6961.4,6970.6
26-Feb-16,7039.3,7052.9,6985.1,7029.7
29-Feb-16,7050.45,7094.6,6825.8,6987
01-Mar-16,7038.25,7235.5,7035.1,7222.3
02-Mar-16,7321.7,7380.35,7308.15,7368.8
03-Mar-16,7429.55,7483.95,7406.05,7475.6
04-Mar-16,7505.4,7505.9,7444.1,7485.3
08-Mar-16,7486.4,7527.15,7442.15,7485.3
09-Mar-16,7436.1,7539,7424.3,7531.8
10-Mar-16,7545.35,7547.1,7447.4,7486.1
11-Mar-16,7484.85,7543.95,7460.6,7510.2
14-Mar-16,7542.6,7583.7,7515.05,7538.7
15-Mar-16,7535.85,7545.2,7452.8,7460.6
16-Mar-16,7457.05,7508,7405.15,7498.7
17-Mar-16,7557.4,7585.3,7479.4,7512.5
18-Mar-16,7534.65,7613.6,7517.9,7604.3
21-Mar-16,7619.2,7713.55,7617.7,7704.2
22-Mar-16,7695.55,7728.2,7643.8,7714.9
23-Mar-16,7717.45,7726.85,7670.6,7716.5
28-Mar-16,7741,7749.4,7587.7,7615.1
29-Mar-16,7606.55,7652.9,7582.25,7597
30-Mar-16,7651.1,7741.95,7643.45,7735.2
31-Mar-16,7727.65,7777.6,7702,7738.4
01-Apr-16,7718.05,7740.15,7666.1,7713
04-Apr-16,7733.15,7764.45,7704.4,7758.8
05-Apr-16,7736.3,7736.3,7588.65,7603.2
06-Apr-16,7636.05,7638.65,7591.75,7614.3
07-Apr-16,7630.4,7630.75,7535.85,7546.4
08-Apr-16,7542.35,7569.35,7526.7,7555.2
11-Apr-16,7577.8,7678.8,7516.85,7671.4
12-Apr-16,7669.25,7717.4,7663.35,7708.9
13-Apr-16,7777.15,7864.8,7772.2,7850.4
18-Apr-16,7908.15,7920.6,7842.75,7914.7
20-Apr-16,7950.05,7950.4,7877.55,7914.7
21-Apr-16,7953.65,7978.45,7884.1,7912
22-Apr-16,7891.8,7923.35,7873.35,7899.3
25-Apr-16,7894.8,7911,7827,7855
26-Apr-16,7828.15,7974.5,7822.55,7962.6
27-Apr-16,7942,7991,7940.55,7979.9
28-Apr-16,7967.4,7992,7834.45,7847.2
29-Apr-16,7844.25,7889.05,7788.7,7849.8
02-May-16,7822.7,7829.8,7777.3,7805.9
03-May-16,7824.8,7890.25,7735.15,7747
04-May-16,7724.15,7749,7697.25,7706.5
05-May-16,7731,7777.55,7706.85,7735.5
06-May-16,7717.65,7738.9,7678.35,7733.4
09-May-16,7755.25,7873.65,7753.55,7866
10-May-16,7873.55,7896.9,7837.7,7887.8
11-May-16,7804.65,7893.1,7780.9,7848.8
12-May-16,7871.45,7916.05,7849.65,7900.4
13-May-16,7881,7881,7784.2,7814.9
16-May-16,7831.2,7873.9,7772.15,7860.7
17-May-16,7896.85,7940.1,7879.7,7890.7
18-May-16,7846.75,7882.05,7810.75,7870.1
19-May-16,7875.5,7876.2,7766.8,7783.4
20-May-16,7792.2,7812.4,7735.75,7749.7
23-May-16,7813.95,7820.6,7722.2,7731
24-May-16,7738.05,7761.55,7715.8,7748.8
25-May-16,7811.8,7941.2,7809.3,7934.9
26-May-16,7974.45,8083,7948.5,8069.6
27-May-16,8081.95,8164.2,8077.05,8156.6
30-May-16,8166.5,8200,8150.8,8178.5
31-May-16,8209.85,8213.6,8134.3,8160.1
01-Jun-16,8179.2,8215.35,8171.05,8179.9
02-Jun-16,8156.9,8229.5,8154.75,8218.9
03-Jun-16,8246.2,8262,8209.85,8220.8
06-Jun-16,8228.75,8234.7,8186.05,8201
07-Jun-16,8235.55,8294.95,8216.4,8266.4
08-Jun-16,8285.5,8288.9,8252.05,8273
09-Jun-16,8273.35,8273.35,8184.6,8203.6
10-Jun-16,8180.25,8265.6,8162.85,8170
13-Jun-16,8102.25,8125.25,8063.9,8110.6
14-Jun-16,8134.4,8134.95,8069.5,8108.8
15-Jun-16,8139.4,8213.2,8123.15,8206.6
16-Jun-16,8180.65,8180.65,8074.45,8140.7
17-Jun-16,8176.65,8195.25,8135.8,8170.2
20-Jun-16,8115.75,8244.15,8107.35,8238.5
21-Jun-16,8255.4,8257.25,8202.15,8219.9
22-Jun-16,8213.65,8238.35,8153.25,8203.7
23-Jun-16,8201.15,8285.6,8188.3,8270.4
24-Jun-16,8029.1,8100.7,7927.05,8088.6
27-Jun-16,8039.35,8120.65,8039.35,8094.7
28-Jun-16,8096.05,8146.35,8086.85,8127.8
29-Jun-16,8173.1,8212.4,8157.65,8204
30-Jun-16,8260.25,8308.15,8242.1,8287.7
01-Jul-16,8313.05,8356.75,8308.65,8328.3
04-Jul-16,8376.75,8398.45,8364.7,8370.7
05-Jul-16,8379.3,8381.45,8319.95,8335.9
07-Jul-16,8342,8361.95,8317.7,8337.9
08-Jul-16,8350,8353.3,8287.55,8323.2
11-Jul-16,8413.35,8475.25,8407.05,8467.9
12-Jul-16,8502.6,8526.6,8479.2,8521
13-Jul-16,8540.45,8550.25,8493.55,8519.5
14-Jul-16,8515.75,8571.4,8500.7,8565
15-Jul-16,8565.45,8594.8,8510.05,8541.4
18-Jul-16,8564.05,8587.1,8494.35,8508.7
19-Jul-16,8514.3,8540.05,8476.7,8528.5
20-Jul-16,8515.45,8569.9,8512.55,8565.8
21-Jul-16,8582.7,8585.25,8503.45,8510.1
22-Jul-16,8519.65,8548.95,8489.8,8541.2
25-Jul-16,8519.95,8641.15,8517.2,8635.6
26-Jul-16,8633.75,8644.9,8577.15,8590.6
27-Jul-16,8599.4,8665,8572.05,8615.8
28-Jul-16,8636.95,8674.7,8625.25,8666.3
29-Jul-16,8668.3,8670.35,8631.15,8638.5
01-Aug-16,8654.3,8711.3,8590.5,8636.5
02-Aug-16,8647.45,8687.2,8611.4,8622.9
03-Aug-16,8635.2,8635.45,8529.6,8544.8
04-Aug-16,8599.95,8601.4,8518.15,8551.1
05-Aug-16,8600.2,8689.4,8590.15,8683.1
08-Aug-16,8712.85,8723.5,8697.6,8711.3
09-Aug-16,8727.8,8728.35,8638.2,8678.2
10-Aug-16,8686.7,8690.1,8564.6,8575.3
11-Aug-16,8572.8,8601.15,8540.05,8592.1
12-Aug-16,8605.45,8684.3,8604.45,8672.1
16-Aug-16,8670.25,8682.35,8600.45,8642.5
17-Aug-16,8639.8,8667.1,8603.6,8624
18-Aug-16,8648.85,8690.7,8645.05,8673.2
19-Aug-16,8694.3,8696.6,8647.1,8666.9
22-Aug-16,8667,8684.85,8614,8629.1
23-Aug-16,8628.35,8642.15,8580,8632.6
24-Aug-16,8648.5,8661.05,8620.9,8650.3
25-Aug-16,8668.85,8683.05,8583.65,8592.2
26-Aug-16,8614.35,8622.95,8547.55,8572.5
29-Aug-16,8583.75,8622,8543.75,8607.4
30-Aug-16,8646.75,8750.6,8642.25,8744.3
31-Aug-16,8754.05,8819.2,8754.05,8786.2
01-Sep-16,8793.6,8813.25,8759.95,8774.6
02-Sep-16,8796.35,8824.1,8768.2,8809.6
06-Sep-16,8852.7,8950.85,8848.45,8943
07-Sep-16,8968.7,8968.7,8913.35,8917.9
08-Sep-16,8915.5,8960.35,8896,8952.5
09-Sep-16,8934.3,8939.15,8858.7,8866.7
12-Sep-16,8732.95,8746.95,8699.4,8715.6
14-Sep-16,8710.65,8739.85,8688.9,8726.6
15-Sep-16,8743.85,8751.95,8704.35,8742.5
16-Sep-16,8780.85,8847.65,8750.5,8779.8
19-Sep-16,8788.45,8824.3,8774.2,8808.4
20-Sep-16,8816.1,8816.45,8759.3,8775.9
21-Sep-16,8790.3,8826.85,8757.3,8777.1
22-Sep-16,8873.35,8893.35,8837.8,8867.4
23-Sep-16,8880.75,8885.2,8820.3,8831.5
26-Sep-16,8807.9,8809.55,8715.1,8723
27-Sep-16,8748.9,8768.5,8690.5,8706.4
28-Sep-16,8711.2,8767.05,8703.15,8745.1
29-Sep-16,8792.7,8800.65,8558.25,8591.2
30-Sep-16,8581.5,8637.15,8555.2,8611.1
03-Oct-16,8666.15,8745.2,8635,8738.1
04-Oct-16,8770,8783.65,8736.1,8769.1
05-Oct-16,8806.35,8806.95,8731.4,8743.9
06-Oct-16,8768.7,8781.15,8684.65,8709.5
07-Oct-16,8721.7,8723.7,8663.8,8697.6
10-Oct-16,8735.35,8745.8,8703.95,8708.8
13-Oct-16,8671.5,8681.55,8541.35,8573.3
14-Oct-16,8594,8604.45,8549.8,8583.4
17-Oct-16,8612.95,8615.4,8506.15,8520.4
18-Oct-16,8556.05,8685.1,8555.9,8677.9
19-Oct-16,8697.5,8698.75,8636.7,8659.1
20-Oct-16,8693.35,8727,8678.3,8699.4
21-Oct-16,8708.6,8709.1,8652.05,8693
24-Oct-16,8709.85,8736.95,8684.15,8708.9
25-Oct-16,8721.7,8722.65,8663.45,8691.3
26-Oct-16,8657.3,8657.3,8596.6,8615.2
27-Oct-16,8607.1,8624.85,8550.25,8615.2
28-Oct-16,8625,8653.75,8581.75,8638
30-Oct-16,8672.35,8678.25,8616.25,8625.7
01-Nov-16,8653.15,8669.6,8614.5,8626.2
02-Nov-16,8542.8,8549.5,8504.85,8514
03-Nov-16,8499.85,8537.65,8476.15,8484.9
04-Nov-16,8503.6,8504,8400.25,8433.7
07-Nov-16,8535.75,8535.85,8481.45,8497
08-Nov-16,8540,8559.4,8480.1,8543.5
09-Nov-16,8067.5,8476.2,8002.25,8432
10-Nov-16,8555.6,8598.45,8510.7,8525.7
11-Nov-16,8456.65,8460.6,8284.95,8296.3
15-Nov-16,8284.85,8288.55,8093.2,8108.4
16-Nov-16,8205.65,8210.05,8089.4,8111.6
17-Nov-16,8105.1,8151.25,8060.3,8079.9
18-Nov-16,8097.55,8128.95,8048.3,8074.1
21-Nov-16,8102.1,8102.45,7916.4,7929.1
22-Nov-16,7989.15,8019.05,7938.15,8002.3
23-Nov-16,8051.2,8055.2,7973.1,8033.3
24-Nov-16,8011.8,8024.85,7952.55,7965.5
25-Nov-16,8007.95,8122.25,7976.75,8114.3
28-Nov-16,8080.65,8146.5,8066.5,8126.9
29-Nov-16,8131.55,8197.35,8128.7,8142.1
30-Nov-16,8172.15,8234.25,8139.25,8224.5
01-Dec-16,8244,8250.8,8185.05,8192.9
02-Dec-16,8153.55,8159.3,8070.05,8086.8
05-Dec-16,8088.75,8141.9,8056.85,8128.7
06-Dec-16,8153.15,8178.7,8130.85,8143.1
07-Dec-16,8168.4,8190.45,8077.5,8102
08-Dec-16,8152.1,8256.25,8151.75,8246.8
09-Dec-16,8271.7,8274.95,8241.95,8261.7
12-Dec-16,8230.65,8230.65,8154.45,8170.8
13-Dec-16,8196.15,8228.85,8155.8,8221.8
14-Dec-16,8229.35,8229.4,8165.1,8182.4
15-Dec-16,8128.4,8225.9,8121.95,8153.6
16-Dec-16,8178.2,8178.7,8127.45,8139.4
19-Dec-16,8126,8132.5,8094.85,8104.3
20-Dec-16,8110.6,8124.1,8062.75,8082.4
21-Dec-16,8105.85,8112.55,8053.25,8061.3
22-Dec-16,8043.85,8046.45,7964.95,7979.1
23-Dec-16,7972.5,8022.6,7942.05,7985.7
26-Dec-16,7965.1,7970.05,7893.8,7908.2
27-Dec-16,7915.05,8044.65,7903.7,8032.8
28-Dec-16,8047.55,8100.55,8028.4,8034.8
29-Dec-16,8030.6,8111.1,8020.8,8103.6
30-Dec-16,8119.65,8197,8114.75,8185.8
02-Jan-17,8210.1,8212,8133.8,8179.5
03-Jan-17,8196.05,8219.1,8148.6,8192.2
04-Jan-17,8202.65,8218.5,8180.9,8190.5
05-Jan-17,8226.65,8282.65,8223.7,8273.8
06-Jan-17,8281.85,8306.85,8233.25,8243.8
09-Jan-17,8259.35,8263,8227.75,8236
10-Jan-17,8262.7,8293.8,8261,8288.6
11-Jan-17,8327.8,8389,8322.25,8380.6
12-Jan-17,8391.05,8417.2,8382.3,8407.2
13-Jan-17,8457.65,8461.05,8373.15,8400.3
16-Jan-17,8390.95,8426.7,8374.4,8412.8
17-Jan-17,8415.05,8440.9,8378.3,8398
18-Jan-17,8403.85,8460.3,8397.4,8417
19-Jan-17,8418.4,8445.15,8404.05,8435.1
20-Jan-17,8404.35,8423.65,8340.95,8349.3
23-Jan-17,8329.6,8404.15,8327.2,8391.5
24-Jan-17,8407.05,8480.95,8398.15,8475.8
25-Jan-17,8499.45,8612.6,8493.95,8602.7
27-Jan-17,8610.5,8672.7,8606.9,8641.2
30-Jan-17,8635.55,8662.6,8617.75,8632.7
31-Jan-17,8629.45,8631.75,8552.4,8561.3
01-Feb-17,8570.35,8722.4,8537.5,8716.4
02-Feb-17,8724.75,8757.6,8685.8,8734.2
03-Feb-17,8735.15,8748.25,8707.75,8740.9
06-Feb-17,8785.45,8814.1,8770.2,8801
07-Feb-17,8805.7,8809.3,8741.05,8768.3
08-Feb-17,8774.55,8791.25,8715,8769
09-Feb-17,8795.55,8821.4,8724.1,8778.4
10-Feb-17,8812.35,8822.1,8771.2,8793.5
13-Feb-17,8819.8,8826.9,8754.2,8805
14-Feb-17,8819.9,8820.45,8772.5,8792.3
15-Feb-17,8778.95,8807.9,8712.85,8724.7
16-Feb-17,8739,8783.95,8719.6,8778
17-Feb-17,8883.7,8896.45,8804.25,8821.7
20-Feb-17,8818.55,8886.25,8809.8,8879.2
21-Feb-17,8890.75,8920.8,8860.95,8907.8
22-Feb-17,8931.6,8960.75,8905.25,8926.9
23-Feb-17,8956.4,8982.15,8927.55,8939.5
27-Feb-17,8943.7,8951.8,8888.65,8896.7
28-Feb-17,8898.95,8914.75,8867.6,8879.6
01-Mar-17,8904.4,8960.8,8898.6,8945.8
02-Mar-17,8982.85,8992.5,8879.8,8899.7
03-Mar-17,8883.5,8907.1,8860.1,8897.5
06-Mar-17,8915.1,8967.8,8914,8963.4
07-Mar-17,8977.75,8977.85,8932.8,8946.9
08-Mar-17,8950.7,8957.05,8891.95,8924.3
09-Mar-17,8914.5,8945.8,8899.5,8927
10-Mar-17,8953.7,8975.7,8903.95,8934.5
14-Mar-17,9091.65,9122.75,9060.5,9087
15-Mar-17,9086.85,9106.55,9075.5,9084.8
16-Mar-17,9129.65,9158.45,9128.55,9153.7
17-Mar-17,9207.8,9218.4,9147.6,9160
20-Mar-17,9166.95,9167.6,9116.3,9126.8
21-Mar-17,9133.95,9147.75,9087.2,9121.5
22-Mar-17,9047.2,9072.9,9019.3,9030.4
23-Mar-17,9048.75,9099.05,9048.6,9086.3
24-Mar-17,9104,9133.55,9089.4,9108
27-Mar-17,9093.45,9094.85,9024.65,9045.2
28-Mar-17,9081.5,9110.4,9079.8,9100.8
29-Mar-17,9128.7,9153.15,9109.1,9143.8
30-Mar-17,9142.6,9183.15,9136.35,9173.7
31-Mar-17,9158.9,9191.7,9152.1,9173.7
03-Apr-17,9220.6,9245.35,9192.4,9237.8
05-Apr-17,9264.4,9273.9,9215.4,9265.1
06-Apr-17,9245.8,9267.95,9218.85,9261.9
07-Apr-17,9223.7,9250.5,9188.1,9198.3
10-Apr-17,9225.6,9225.65,9174.85,9181.4
11-Apr-17,9184.55,9242.7,9172.85,9237
12-Apr-17,9242.5,9246.4,9161.8,9203.4
13-Apr-17,9202.5,9202.65,9144.95,9150.8
17-Apr-17,9144.75,9160,9120.25,9139.3
18-Apr-17,9163,9217.9,9095.45,9105.1
19-Apr-17,9112.2,9120.5,9075.15,9103.5
20-Apr-17,9108.1,9143.9,9102.65,9136.4
21-Apr-17,9179.1,9183.65,9088.75,9119.4
24-Apr-17,9135.35,9225.4,9130.55,9217.9
25-Apr-17,9273.05,9309.2,9250.35,9306.6
26-Apr-17,9336.2,9367,9301.35,9351.8
27-Apr-17,9359.15,9367.15,9322.65,9342.1
28-Apr-17,9340.95,9342.65,9282.25,9304
02-May-17,9339.85,9352.55,9269.9,9313.8
03-May-17,9344.7,9346.3,9298.4,9311.9
04-May-17,9360.95,9365.65,9323.25,9359.9
05-May-17,9374.55,9377.1,9272,9285.3
08-May-17,9311.45,9338.7,9297.95,9314
09-May-17,9337.35,9338.95,9307.7,9316.8
10-May-17,9339.65,9414.75,9336,9407.3
11-May-17,9448.6,9450.65,9411.3,9422.4
12-May-17,9436.65,9437.75,9372.55,9400.9
15-May-17,9433.55,9449.25,9423.1,9445.4
16-May-17,9461,9517.2,9456.35,9512.2
17-May-17,9517.6,9532.6,9486.1,9525.7
18-May-17,9453.2,9489.1,9418.1,9429.4
19-May-17,9469.9,9505.75,9390.75,9427.9
22-May-17,9480.25,9498.65,9427.9,9438.2
23-May-17,9445.05,9448.05,9370,9386.1
24-May-17,9410.9,9431.9,9341.65,9360.5
25-May-17,9384.05,9523.3,9379.2,9509.7
26-May-17,9507.75,9604.9,9495.4,9595.1
29-May-17,9560.05,9637.75,9547.7,9604.9
30-May-17,9590.65,9635.3,9581.2,9624.5
31-May-17,9636.55,9649.6,9609.25,9621.2
01-Jun-17,9603.55,9634.65,9589.9,9616.1
02-Jun-17,9657.15,9673.5,9637.45,9653.5
05-Jun-17,9656.3,9687.2,9640.7,9675.1
06-Jun-17,9704.25,9709.3,9630.2,9637.1
07-Jun-17,9663.95,9678.55,9630.55,9663.9
08-Jun-17,9682.4,9688.7,9641.5,9647.2
09-Jun-17,9638.55,9676.25,9608.15,9668.2
12-Jun-17,9646.7,9647.05,9598.5,9616.4
13-Jun-17,9615.55,9654.15,9595.4,9606.9
14-Jun-17,9621.55,9627.4,9580.45,9618.1
15-Jun-17,9617.9,9621.4,9560.8,9578
16-Jun-17,9595.45,9615.85,9565.5,9588
19-Jun-17,9626.4,9673.3,9614.9,9657.5
20-Jun-17,9670.5,9676.5,9643.75,9653.5
21-Jun-17,9648.1,9650.45,9608.6,9633.6
22-Jun-17,9642.65,9698.85,9617.75,9630
23-Jun-17,9643.25,9647.65,9565.3,9574.9
27-Jun-17,9594.05,9615.4,9473.45,9511.4
28-Jun-17,9520.2,9522.5,9474.35,9491.2
29-Jun-17,9522.95,9575.8,9493.8,9504.1
30-Jun-17,9478.5,9535.8,9448.75,9520.9
03-Jul-17,9587.95,9624,9543.55,9615
04-Jul-17,9645.9,9650.65,9595.5,9613.3
05-Jul-17,9619.75,9643.65,9607.35,9637.6
06-Jul-17,9653.6,9700.7,9639.95,9674.5
07-Jul-17,9670.35,9684.25,9642.65,9665.8
10-Jul-17,9719.3,9782.15,9646.45,9771
11-Jul-17,9797.45,9830.05,9778.85,9786
12-Jul-17,9807.3,9824.95,9787.7,9816.1
13-Jul-17,9855.8,9897.25,9853.45,9891.7
14-Jul-17,9913.3,9913.3,9845.45,9886.3
17-Jul-17,9908.15,9928.2,9894.7,9915.9
18-Jul-17,9832.7,9885.35,9792.05,9827.1
19-Jul-17,9855.95,9905.05,9851.65,9899.6
20-Jul-17,9920.2,9922.55,9863.45,9873.3
21-Jul-17,9899.6,9924.7,9838,9915.2
24-Jul-17,9936.8,9982.05,9919.6,9966.4
25-Jul-17,10010.55,10011.3,9949.1,9964.5
26-Jul-17,9983.65,10025.95,9965.95,10020
27-Jul-17,10063.25,10114.85,10005.5,10020
28-Jul-17,9996.55,10026.05,9944.5,10014
31-Jul-17,10034.7,10085.9,10016.95,10077
01-Aug-17,10101.05,10128.6,10065.75,10114
02-Aug-17,10136.3,10137.85,10054.2,10081
03-Aug-17,10081.15,10081.15,9998.25,10013
04-Aug-17,10008.6,10075.25,9988.35,10066
07-Aug-17,10074.8,10088.1,10046.35,10057
08-Aug-17,10068.35,10083.8,9947,9978.5
09-Aug-17,9961.15,9969.8,9893.05,9908
10-Aug-17,9872.85,9892.65,9776.2,9820.2
11-Aug-17,9712.15,9771.65,9685.55,9710.8
14-Aug-17,9755.75,9818.3,9752.1,9794.1
16-Aug-17,9825.85,9903.95,9773.85,9897.3
17-Aug-17,9945.55,9947.8,9883.75,9904.1
18-Aug-17,9865.95,9865.95,9783.65,9837.4
21-Aug-17,9864.25,9884.35,9740.1,9754.3
22-Aug-17,9815.75,9828.45,9752.6,9765.5
23-Aug-17,9803.05,9857.9,9786.75,9852.5
24-Aug-17,9881.2,9881.5,9848.85,9857
28-Aug-17,9907.15,9925.75,9882,9912.8
29-Aug-17,9886.4,9887.35,9783.75,9796
30-Aug-17,9859.5,9909.45,9850.8,9884.4
31-Aug-17,9905.7,9925.1,9856.95,9917.9
01-Sep-17,9937.65,9983.45,9909.85,9974.4
04-Sep-17,9984.15,9988.4,9861,9912.8
05-Sep-17,9933.25,9963.1,9901.05,9952.2
06-Sep-17,9899.25,9931.55,9882.55,9916.2
07-Sep-17,9945.85,9964.85,9917.2,9929.9
08-Sep-17,9958.65,9963.6,9913.3,9934.8
11-Sep-17,9971.75,10028.65,9968.8,10006
12-Sep-17,10056.85,10097.55,10028.05,10093
13-Sep-17,10099.25,10131.95,10063.15,10079
14-Sep-17,10107.4,10126.5,10070.35,10086
15-Sep-17,10062.35,10115.15,10043.65,10085
18-Sep-17,10133.1,10171.7,10131.3,10153
19-Sep-17,10175.6,10178.95,10129.95,10147
20-Sep-17,10160.95,10171.05,10134.2,10141
21-Sep-17,10139.6,10158.9,10058.6,10121
22-Sep-17,10094.35,10095.05,9952.8,9964.4
25-Sep-17,9960.1,9960.5,9816.05,9872.6
26-Sep-17,9875.25,9891.35,9813,9871.5
27-Sep-17,9920.6,9921.05,9714.4,9735.7
28-Sep-17,9736.4,9789.2,9687.55,9768.9
29-Sep-17,9814.3,9854,9775.35,9788.6
03-Oct-17,9893.3,9895.4,9831.05,9859.5
04-Oct-17,9884.35,9938.3,9850.65,9914.9
05-Oct-17,9927,9945.95,9881.85,9888.7
06-Oct-17,9908.15,9989.35,9906.6,9979.7
09-Oct-17,9988.2,10015.75,9959.45,9988.7
10-Oct-17,10013.7,10034,10002.3,10016
11-Oct-17,10042.6,10067.25,9955.8,9984.8
12-Oct-17,10011.2,10104.45,9977.1,10096
13-Oct-17,10123.7,10191.9,10120.1,10167
16-Oct-17,10207.4,10242.95,10175.1,10230
17-Oct-17,10227.65,10251.85,10212.6,10234
18-Oct-17,10209.4,10236.45,10175.75,10210
19-Oct-17,10210.35,10211.95,10123.35,10146
23-Oct-17,10176.65,10224.15,10124.5,10184
24-Oct-17,10218.55,10237.75,10182.4,10207
25-Oct-17,10321.15,10340.55,10240.9,10295
26-Oct-17,10291.8,10355.65,10271.85,10343
27-Oct-17,10362.3,10366.15,10311.3,10323
30-Oct-17,10353.85,10384.5,10344.3,10363
31-Oct-17,10364.9,10367.7,10323.95,10335
01-Nov-17,10390.35,10451.65,10383.05,10440
02-Nov-17,10440.5,10453,10412.55,10423
03-Nov-17,10461.55,10461.7,10403.6,10452
06-Nov-17,10431.75,10490.45,10413.75,10451
07-Nov-17,10477.15,10485.75,10340.8,10350
08-Nov-17,10361.95,10384.25,10285.5,10303
09-Nov-17,10358.65,10368.45,10266.95,10308
10-Nov-17,10304.35,10344.95,10254.1,10321
13-Nov-17,10322,10334.15,10216.25,10224
14-Nov-17,10223.4,10248,10175.55,10186
15-Nov-17,10171.95,10175.45,10094,10118
16-Nov-17,10152.9,10232.25,10139.2,10214
17-Nov-17,10324.55,10343.6,10268.05,10283
20-Nov-17,10287.2,10309.85,10261.5,10298
21-Nov-17,10329.25,10358.7,10315.05,10326
22-Nov-17,10350.8,10368.7,10309.55,10342
23-Nov-17,10358.45,10374.3,10307.3,10348
24-Nov-17,10366.8,10404.5,10362.25,10389
27-Nov-17,10361.05,10407.15,10340.2,10399
28-Nov-17,10387.9,10409.55,10355.2,10370
29-Nov-17,10376.65,10392.95,10345.9,10361
30-Nov-17,10332.7,10332.7,10211.25,10226
01-Dec-17,10263.7,10272.7,10108.55,10121
04-Dec-17,10175.05,10179.2,10095.7,10127
05-Dec-17,10118.25,10147.95,10069.1,10118
06-Dec-17,10088.8,10104.2,10033.35,10044
07-Dec-17,10063.45,10182.65,10061.9,10166
08-Dec-17,10198.45,10270.85,10195.25,10265
11-Dec-17,10310.5,10329.2,10282.05,10322
12-Dec-17,10324.9,10326.1,10230.2,10240
13-Dec-17,10236.6,10296.55,10169.85,10192
14-Dec-17,10229.3,10276.1,10141.55,10252
15-Dec-17,10345.65,10373.1,10319.65,10333
18-Dec-17,10263.1,10443.55,10074.8,10388
19-Dec-17,10414.8,10472.2,10406,10463
20-Dec-17,10494.4,10494.45,10437.15,10444
21-Dec-17,10473.95,10473.95,10426.9,10440
22-Dec-17,10457.3,10501.1,10448.25,10493
26-Dec-17,10512.3,10545.45,10477.95,10531
27-Dec-17,10531.05,10552.4,10469.25,10490
28-Dec-17,10498.2,10534.55,10460.45,10477
29-Dec-17,10492.35,10538.7,10488.65,10530
01-Jan-18,10531.7,10537.85,10423.1,10435.55
02-Jan-18,10477.55,10495.2,10404.65,10442.2
03-Jan-18,10482.65,10503.6,10429.55,10443.2
04-Jan-18,10469.4,10513,10441.45,10504.8
05-Jan-18,10534.25,10566.1,10520.1,10558.85
08-Jan-18,10591.7,10631.2,10588.55,10623.6
09-Jan-18,10645.1,10659.15,10603.6,10637
10-Jan-18,10652.05,10655.5,10592.7,10632.2
11-Jan-18,10637.05,10664.6,10612.35,10651.2
12-Jan-18,10682.55,10690.4,10597.1,10681.25
15-Jan-18,10718.5,10782.65,10713.8,10741.55
16-Jan-18,10761.5,10762.35,10687.85,10700.45
17-Jan-18,10702.45,10803,10666.75,10788.55
18-Jan-18,10873.4,10887.5,10782.4,10817
19-Jan-18,10829.2,10906.85,10793.9,10894.7
22-Jan-18,10883.2,10975.1,10881.4,10966.2
23-Jan-18,10997.4,11092.9,10994.55,11083.7
24-Jan-18,11069.35,11110.1,11046.15,11086
25-Jan-18,11095.6,11095.6,11009.2,11069.65
29-Jan-18,11079.35,11171.55,11075.95,11130.4
30-Jan-18,11120.85,11121.1,11033.9,11049.65
31-Jan-18,11018.8,11058.5,10979.3,11027.7
01-Feb-18,11044.55,11117.35,10878.8,11016.9
02-Feb-18,10938.2,10954.95,10736.1,10760.6
05-Feb-18,10604.3,10702.75,10586.8,10666.55
06-Feb-18,10295.15,10594.15,10276.3,10498.25
07-Feb-18,10607.2,10614,10446.4,10476.7
08-Feb-18,10518.5,10637.8,10479.55,10576.85
09-Feb-18,10416.5,10480.2,10398.2,10454.95
12-Feb-18,10518.2,10555.5,10485.4,10539.75
14-Feb-18,10585.75,10590.55,10456.65,10500.9
15-Feb-18,10537.9,10618.1,10511.05,10545.5
16-Feb-18,10596.2,10612.9,10434.05,10452.3
19-Feb-18,10488.9,10489.35,10302.75,10378.4
20-Feb-18,10391,10429.35,10347.65,10360.4
21-Feb-18,10426,10426.1,10349.6,10397.45
22-Feb-18,10354.35,10397.55,10340.65,10382.7
23-Feb-18,10408.1,10499.1,10396.65,10491.05
26-Feb-18,10526.55,10592.95,10520.2,10582.6
27-Feb-18,10615.2,10631.65,10537.25,10554.3
28-Feb-18,10488.95,10535.5,10461.55,10492.85
01-Mar-18,10479.95,10525.5,10447.15,10458.35
05-Mar-18,10428.3,10428.7,10323.9,10358.85
06-Mar-18,10420.5,10441.35,10215.9,10249.25
07-Mar-18,10232.95,10243.35,10141.55,10154.2
08-Mar-18,10216.25,10270.35,10146.4,10242.65
09-Mar-18,10271.3,10296.7,10211.9,10226.85
12-Mar-18,10301.6,10433.65,10295.45,10421.4
13-Mar-18,10389.5,10478.6,10377.85,10426.85
14-Mar-18,10393.05,10420.35,10336.3,10410.9
15-Mar-18,10405.45,10420,10346.2,10360.15
16-Mar-18,10345.15,10346.3,10180.25,10195.15
19-Mar-18,10215.35,10224.55,10075.3,10094.25
20-Mar-18,10051.55,10155.65,10049.1,10124.35
21-Mar-18,10181.95,10227.3,10132.95,10155.25
22-Mar-18,10167.5,10207.85,10105.4,10114.75
23-Mar-18,9968.8,10027.7,9951.9,9998.05
26-Mar-18,9989.15,10143.5,9958.55,10130.65
27-Mar-18,10188,10207.9,10139.65,10184.15
28-Mar-18,10143.6,10158.35,10096.9,10113.7
02-Apr-18,10151.65,10220.1,10127.75,10211.8
03-Apr-18,10186.85,10255.35,10171.05,10245
04-Apr-18,10274.6,10279.85,10111.3,10128.4
05-Apr-18,10228.45,10331.8,10227.45,10325.15
06-Apr-18,10322.75,10350.45,10290.85,10331.6
09-Apr-18,10333.7,10397.7,10328.5,10379.35
10-Apr-18,10412.9,10424.85,10381.5,10402.25
11-Apr-18,10428.15,10428.15,10355.6,10417.15
12-Apr-18,10410.65,10469.9,10395.25,10458.65
13-Apr-18,10495.3,10519.9,10451.45,10480.6
16-Apr-18,10398.3,10540.15,10396.35,10528.35
17-Apr-18,10557.3,10560.45,10495.65,10548.7
18-Apr-18,10578.9,10594.2,10509.7,10526.2
19-Apr-18,10563.65,10572.2,10546.2,10565.3
20-Apr-18,10560.35,10582.35,10527.45,10564.05
23-Apr-18,10592.8,10638.35,10514.95,10584.7
24-Apr-18,10578.1,10636.8,10569,10614.35
25-Apr-18,10612.4,10612.6,10536.45,10570.55
26-Apr-18,10586.5,10628.4,10559.65,10617.8
27-Apr-18,10651.65,10719.8,10647.55,10692.3
30-Apr-18,10705.75,10759,10704.6,10739.35
02-May-18,10783.85,10784.65,10689.8,10718.05
03-May-18,10720.15,10720.6,10647.45,10679.65
04-May-18,10700.45,10700.45,10601.6,10618.25
07-May-18,10653.15,10725.65,10635.65,10715.5
08-May-18,10757.9,10758.55,10689.4,10717.8
09-May-18,10693.35,10766.25,10689.85,10741.7
10-May-18,10779.65,10785.55,10705,10716.55
11-May-18,10741.95,10812.05,10724.45,10806.5
14-May-18,10815.15,10834.85,10774.75,10806.6
15-May-18,10812.6,10929.2,10781.4,10801.85
16-May-18,10751.95,10790.45,10699.7,10741.1
17-May-18,10775.6,10777.25,10664.5,10682.7
18-May-18,10671.85,10674.95,10589.1,10596.4
21-May-18,10616.7,10621.7,10505.8,10516.7
22-May-18,10518.45,10558.6,10490.55,10536.7
23-May-18,10521.1,10533.55,10417.8,10430.35
24-May-18,10464.85,10535.15,10419.8,10513.85
25-May-18,10533.05,10628.05,10524,10605.15
28-May-18,10648.35,10709.8,10640.55,10688.65
29-May-18,10689.4,10717.25,10616.1,10633.3
30-May-18,10579,10648.7,10558.45,10614.35
31-May-18,10670.1,10763.8,10620.4,10736.15
01-Jun-18,10738.45,10764.75,10681.5,10696.2
04-Jun-18,10765.95,10770.3,10618.35,10628.5
05-Jun-18,10630.7,10633.15,10550.9,10593.15
06-Jun-18,10603.45,10698.35,10587.5,10684.65
07-Jun-18,10722.6,10818,10722.6,10768.35
08-Jun-18,10736.4,10779.45,10709.05,10767.65
11-Jun-18,10781.85,10850.55,10777.05,10786.95
12-Jun-18,10816.15,10856.55,10789.4,10842.85
13-Jun-18,10887.5,10893.25,10842.65,10856.7
14-Jun-18,10832.9,10833.7,10773.55,10808.05
15-Jun-18,10808.65,10834,10755.4,10817.7
18-Jun-18,10830.2,10830.2,10787.35,10799.85
19-Jun-18,10789.45,10789.45,10701.2,10710.45
20-Jun-18,10734.65,10781.8,10724.05,10772.05
21-Jun-18,10808.45,10809.6,10725.9,10741.1
22-Jun-18,10742.7,10837,10710.45,10821.85
25-Jun-18,10822.9,10831.05,10753.05,10762.45
26-Jun-18,10742.7,10805.25,10732.55,10769.15
27-Jun-18,10785.5,10785.5,10652.4,10671.4
28-Jun-18,10660.8,10674.2,10557.7,10589.1
29-Jun-18,10612.85,10723.05,10612.35,10714.3
02-Jul-18,10732.35,10736.15,10604.65,10657.3
03-Jul-18,10668.6,10713.3,10630.25,10699.9
04-Jul-18,10715,10777.15,10677.75,10769.9
05-Jul-18,10786.05,10786.05,10726.25,10749.75
06-Jul-18,10744.15,10816.35,10735.05,10772.65
09-Jul-18,10838.3,10860.35,10807.15,10852.9
10-Jul-18,10902.75,10956.9,10876.65,10947.25
11-Jul-18,10956.4,10976.65,10923,10948.3
12-Jul-18,11006.95,11078.3,10999.65,11023.2
13-Jul-18,11056.9,11071.35,10999.75,11018.9
16-Jul-18,11018.95,11019.5,10926.25,10936.85
17-Jul-18,10939.65,11018.5,10925.6,11008.05
18-Jul-18,11060.2,11076.2,10956.3,10980.45
19-Jul-18,10999.5,11006.5,10935.45,10957.1
20-Jul-18,10963.5,11030.25,10946.2,11010.2
23-Jul-18,11019.85,11093.4,11010.95,11084.75
24-Jul-18,11109,11143.4,11092.5,11134.3
25-Jul-18,11148.4,11157.15,11113.25,11132
26-Jul-18,11132.95,11185.85,11125.7,11167.3
27-Jul-18,11232.75,11283.4,11210.25,11278.35
30-Jul-18,11296.65,11328.1,11261.45,11319.55
31-Jul-18,11311.05,11366,11267.75,11356.5
01-Aug-18,11359.8,11390.55,11313.55,11346.2
02-Aug-18,11328.9,11328.9,11234.95,11244.7
03-Aug-18,11297.8,11368,11294.55,11360.8
06-Aug-18,11401.5,11427.65,11370.6,11387.1
07-Aug-18,11423.15,11428.95,11359.7,11389.45
08-Aug-18,11412.5,11459.95,11379.3,11450
09-Aug-18,11493.25,11495.2,11454.1,11470.7
10-Aug-18,11474.95,11478.75,11419.65,11429.5
13-Aug-18,11369.6,11406.3,11340.3,11355.75
14-Aug-18,11381.7,11452.45,11370.8,11435.1
16-Aug-18,11397.15,11449.85,11366.25,11385.05
17-Aug-18,11437.15,11486.45,11431.8,11470.75
20-Aug-18,11502.1,11565.3,11499.65,11551.75
21-Aug-18,11576.2,11581.75,11539.6,11570.9
23-Aug-18,11620.7,11620.7,11546.7,11582.75
24-Aug-18,11566.6,11604.6,11532,11557.1
27-Aug-18,11605.85,11700.95,11595.6,11691.95
28-Aug-18,11731.95,11760.2,11710.5,11738.5
29-Aug-18,11744.95,11753.2,11678.85,11691.9
30-Aug-18,11694.75,11698.8,11639.7,11676.8
31-Aug-18,11675.85,11727.65,11640.1,11680.5
03-Sep-18,11751.8,11751.8,11567.4,11582.35
04-Sep-18,11598.75,11602.55,11496.85,11520.3
05-Sep-18,11514.85,11542.65,11393.85,11476.95
06-Sep-18,11514.15,11562.25,11436.05,11536.9
07-Sep-18,11558.25,11603,11484.4,11589.1
10-Sep-18,11570.25,11573,11427.3,11438.1
11-Sep-18,11476.85,11479.4,11274,11287.5
12-Sep-18,11340.1,11380.75,11250.2,11369.9
14-Sep-18,11443.5,11523.25,11430.55,11515.2
17-Sep-18,11464.95,11464.95,11366.9,11377.75
18-Sep-18,11381.55,11411.45,11268.95,11278.9
19-Sep-18,11326.65,11332.05,11210.9,11234.35
21-Sep-18,11271.3,11346.8,10866.45,11143.1
24-Sep-18,11164.4,11170.15,10943.6,10967.4
25-Sep-18,10969.95,11080.6,10882.85,11067.45
26-Sep-18,11145.55,11145.55,10993.05,11053.8
27-Sep-18,11079.8,11089.45,10953.35,10977.55
28-Sep-18,11008.1,11034.1,10850.3,10930.45
01-Oct-18,10930.9,11035.65,10821.55,11008.3
03-Oct-18,10982.7,10989.05,10843.75,10858.25
04-Oct-18,10754.7,10754.7,10547.25,10599.25
05-Oct-18,10514.1,10540.65,10261.9,10316.45
08-Oct-18,10310.15,10398.35,10198.4,10348.05
09-Oct-18,10390.3,10397.6,10279.35,10301.05
10-Oct-18,10331.85,10482.35,10318.25,10460.1
11-Oct-18,10169.8,10335.95,10138.6,10234.65
12-Oct-18,10331.55,10492.45,10322.15,10472.5
15-Oct-18,10524.2,10526.3,10410.15,10512.5
16-Oct-18,10550.15,10604.9,10525.3,10584.75
17-Oct-18,10688.7,10710.15,10436.45,10453.05
19-Oct-18,10339.7,10380.1,10249.6,10303.55
22-Oct-18,10405.85,10408.55,10224,10245.25
23-Oct-18,10152.6,10222.1,10102.35,10146.8
24-Oct-18,10278.15,10290.65,10126.7,10224.75
25-Oct-18,10135.05,10166.6,10079.3,10124.9
26-Oct-18,10122.35,10128.85,10004.55,10030
29-Oct-18,10078.1,10275.3,10020.35,10250.85
30-Oct-18,10239.4,10285.1,10175.35,10198.4
31-Oct-18,10209.55,10396,10105.1,10386.6
01-Nov-18,10441.7,10441.9,10341.9,10380.45
02-Nov-18,10462.3,10606.95,10457.7,10553
05-Nov-18,10558.75,10558.8,10477,10524
06-Nov-18,10552,10600.25,10491.45,10530
07-Nov-18,10614.45,10616.45,10582.3,10598.4
09-Nov-18,10614.7,10619.55,10544.85,10585.2
12-Nov-18,10607.8,10645.5,10464.05,10482.2
13-Nov-18,10451.9,10596.25,10440.55,10582.5
14-Nov-18,10634.9,10651.6,10532.7,10576.3
15-Nov-18,10580.6,10646.5,10557.5,10616.7
16-Nov-18,10644,10695.15,10631.15,10682.2
19-Nov-18,10731.25,10774.7,10688.8,10763.4
20-Nov-18,10740.1,10740.85,10640.85,10656.2
21-Nov-18,10670.95,10671.3,10562.35,10600.05
22-Nov-18,10612.65,10646.25,10512,10526.75
26-Nov-18,10568.3,10637.8,10489.75,10628.6
27-Nov-18,10621.45,10695.15,10596.35,10685.6
28-Nov-18,10708.75,10757.8,10699.85,10728.85
29-Nov-18,10808.7,10883.05,10782.35,10858.7
30-Nov-18,10892.1,10922.45,10835.1,10876.75
03-Dec-18,10930.7,10941.2,10845.35,10883.75
04-Dec-18,10877.1,10890.95,10833.35,10869.5
05-Dec-18,10820.45,10821.05,10747.95,10782.9
06-Dec-18,10718.15,10722.65,10588.25,10601.15
07-Dec-18,10644.8,10704.55,10599.35,10693.7
10-Dec-18,10508.7,10558.85,10474.95,10488.45
11-Dec-18,10350.05,10567.15,10333.85,10549.15
12-Dec-18,10591,10752.2,10560.8,10737.6
13-Dec-18,10810.75,10838.6,10749.5,10791.55
14-Dec-18,10784.5,10815.75,10752.1,10805.45
17-Dec-18,10853.2,10900.35,10844.85,10888.35
18-Dec-18,10850.9,10915.4,10819.1,10908.7
19-Dec-18,10930.55,10985.15,10928,10967.3
20-Dec-18,10885.2,10962.55,10880.05,10951.7
21-Dec-18,10944.25,10963.65,10738.65,10754
24-Dec-18,10780.9,10782.3,10649.25,10663.5
26-Dec-18,10635.45,10747.5,10534.55,10729.85
27-Dec-18,10817.9,10834.2,10764.45,10779.8
28-Dec-18,10820.95,10893.6,10817.15,10859.9
31-Dec-18,10913.2,10923.55,10853.2,10862.55
01-Jan-19,10881.7,10923.6,10807.1,10910.1
02-Jan-19,10868.85,10895.35,10735.05,10792.5
03-Jan-19,10796.8,10814.05,10661.25,10672.25
04-Jan-19,10699.7,10741.05,10628.65,10727.35
07-Jan-19,10804.85,10835.95,10750.15,10771.8
08-Jan-19,10786.25,10818.45,10733.25,10802.15
09-Jan-19,10862.4,10870.4,10749.4,10855.15
10-Jan-19,10859.35,10859.35,10801.8,10821.6
11-Jan-19,10834.75,10850.15,10739.4,10794.95
14-Jan-19,10807,10808,10692.35,10737.6
15-Jan-19,10777.55,10896.95,10777.55,10886.8
16-Jan-19,10899.65,10928.15,10876.9,10890.3
17-Jan-19,10920.85,10930.65,10844.65,10905.2
18-Jan-19,10914.85,10928.2,10852.2,10906.95
21-Jan-19,10919.35,10987.45,10885.75,10961.85
22-Jan-19,10949.8,10949.8,10864.15,10922.75
23-Jan-19,10931.05,10944.8,10811.95,10831.5
24-Jan-19,10844.05,10866.6,10798.65,10849.8
25-Jan-19,10859.75,10931.7,10756.45,10780.55
28-Jan-19,10792.45,10804.45,10630.95,10661.55
29-Jan-19,10653.7,10690.35,10583.65,10652.2
30-Jan-19,10702.25,10710.2,10612.85,10651.8
31-Jan-19,10690.55,10838.05,10678.55,10830.95
01-Feb-19,10851.35,10983.45,10813.45,10893.65
04-Feb-19,10876.75,10927.9,10814.15,10912.25
05-Feb-19,10908.65,10956.7,10886.7,10934.35
06-Feb-19,10965.1,11072.6,10962.7,11062.45
07-Feb-19,11070.45,11118.1,11043.6,11069.4
08-Feb-19,11023.5,11041.2,10925.45,10943.6
11-Feb-19,10930.9,10930.9,10857.1,10888.8
12-Feb-19,10879.7,10910.9,10823.8,10831.4
13-Feb-19,10870.55,10891.65,10772.1,10793.65
14-Feb-19,10786.1,10792.7,10718.75,10746.05
15-Feb-19,10780.25,10785.75,10620.4,10724.4
18-Feb-19,10738.65,10759.9,10628.4,10640.95
19-Feb-19,10636.7,10722.85,10585.65,10604.35
20-Feb-19,10655.45,10752.7,10646.4,10735.45
21-Feb-19,10744.1,10808.85,10721.5,10789.85
22-Feb-19,10782.7,10801.55,10758.4,10791.65
25-Feb-19,10813.25,10887.1,10788.05,10880.1
26-Feb-19,10775.3,10888.75,10729.3,10835.3
27-Feb-19,10881.2,10939.7,10751.2,10806.65
28-Feb-19,10865.7,10865.7,10784.85,10792.5
01-Mar-19,10842.65,10877.9,10823.1,10863.5
05-Mar-19,10864.85,10994.9,10817,10987.45
06-Mar-19,11024.85,11062.3,10998.85,11053
07-Mar-19,11077.95,11089.05,11027.1,11058.2
08-Mar-19,11038.85,11049,11008.95,11035.4
11-Mar-19,11068.75,11180.9,11059.85,11168.05
12-Mar-19,11231.35,11320.4,11227,11301.2
13-Mar-19,11326.2,11352.3,11276.6,11341.7
14-Mar-19,11382.5,11383.45,11313.75,11343.25
15-Mar-19,11376.85,11487,11370.8,11426.85
18-Mar-19,11473.85,11530.15,11412.5,11462.2
19-Mar-19,11500.3,11543.85,11451.25,11532.4
20-Mar-19,11553.35,11556.1,11503.1,11521.05
22-Mar-19,11549.2,11572.8,11434.55,11456.9
25-Mar-19,11395.65,11395.65,11311.6,11354.25
26-Mar-19,11375.2,11496.75,11352.45,11483.25
27-Mar-19,11531.45,11546.2,11413,11445.05
28-Mar-19,11463.65,11588.5,11452.45,11570
29-Mar-19,11625.45,11630.35,11570.15,11623.9
01-Apr-19,11665.2,11738.1,11644.75,11669.15
02-Apr-19,11711.55,11729.35,11655.85,11713.2
03-Apr-19,11735.3,11761,11629.15,11643.95
04-Apr-19,11660.2,11662.55,11559.2,11598
05-Apr-19,11638.4,11689.65,11609.5,11665.95
08-Apr-19,11704.35,11710.3,11549.1,11604.5
09-Apr-19,11612.05,11683.9,11569.7,11671.95
10-Apr-19,11646.85,11680.05,11571.75,11584.3
11-Apr-19,11592.55,11606.7,11550.55,11596.7
12-Apr-19,11612.85,11657.35,11578.8,11643.45
15-Apr-19,11667,11704.6,11648.25,11690.35
16-Apr-19,11736.2,11810.95,11731.55,11787.15
18-Apr-19,11856.15,11856.15,11738.5,11752.8
22-Apr-19,11727.05,11727.05,11583.95,11594.45
23-Apr-19,11612.95,11645.95,11564.8,11575.95
24-Apr-19,11601.5,11740.85,11578.85,11726.15
25-Apr-19,11735.7,11796.75,11624.3,11641.8
26-Apr-19,11683.75,11762.9,11661.75,11754.65
30-Apr-19,11748.75,11756.25,11655.9,11748.15
02-May-19,11725.55,11789.3,11699.55,11724.75
03-May-19,11722.6,11770.9,11699.35,11712.25
06-May-19,11605.8,11632.55,11571.35,11598.25
07-May-19,11651.5,11657.05,11484.45,11497.9
08-May-19,11478.7,11479.1,11346.95,11359.45
09-May-19,11322.4,11357.6,11255.05,11301.8
10-May-19,11314.15,11345.8,11251.05,11278.9
13-May-19,11258.7,11300.2,11125.6,11148.2
14-May-19,11151.65,11294.75,11108.3,11222.05
15-May-19,11271.7,11286.8,11136.95,11157
16-May-19,11180.35,11281.55,11143.35,11257.1
17-May-19,11261.9,11426.15,11259.85,11407.15
20-May-19,11651.9,11845.2,11591.7,11828.25
21-May-19,11863.65,11883.55,11682.8,11709.1
22-May-19,11727.95,11784.8,11682.4,11737.9
23-May-19,11901.3,12041.15,11614.5,11657.05
24-May-19,11748,11859,11658.1,11844.1
27-May-19,11855.5,11957.15,11812.4,11924.75
28-May-19,11958.35,11958.55,11864.9,11928.75
29-May-19,11905.8,11931.9,11836.8,11861.1
30-May-19,11865.3,11968.55,11859.4,11945.9
31-May-19,11999.8,12039.25,11829.45,11922.8
03-Jun-19,11953.75,12103.05,11920.1,12088.55
04-Jun-19,12052.65,12095.2,12005.85,12021.65
06-Jun-19,12039.8,12039.8,11830.25,11843.75
07-Jun-19,11865.2,11897.5,11769.5,11870.65
10-Jun-19,11934.9,11975.05,11871.75,11922.7
11-Jun-19,11959.85,12000.35,11904.35,11965.6
12-Jun-19,11962.45,11962.45,11866.35,11906.2
13-Jun-19,11873.9,11931.35,11817.05,11914.05
14-Jun-19,11910.1,11911.85,11797.7,11823.3
17-Jun-19,11844,11844.05,11657.75,11672.15
18-Jun-19,11677.05,11727.2,11641.15,11691.5
19-Jun-19,11744.45,11802.5,11625.1,11691.45
20-Jun-19,11653.65,11843.5,11635.05,11831.75
21-Jun-19,11827.6,11827.95,11705.1,11724.1
24-Jun-19,11725.8,11754,11670.2,11699.65
25-Jun-19,11681,11814.4,11651,11796.45
26-Jun-19,11768.15,11871.85,11757.55,11847.55
27-Jun-19,11860.85,11911.15,11821.05,11841.55
28-Jun-19,11861.15,11871.7,11775.5,11788.85
